 ,Poly_size,p0,p1,p2,p3,p4,p5,p6,p7,p8,p9,p10,p11,poly_rate_dr,poly_carrier,poly_r2,gen,mono_size,p13,p14,p15,p16,p17,p18,p19,p20,mono_rate_dr,mono_carrier,mono_r2,total,poly_mate_dr,poly_mate_r2,mono_mate_dr,mono_mate_r2,p40,p41,p42,p43,p44,p45,p46,p47,Poly_total_ants,Mono_total_ants,Native_total_ants,Poly_ant_biomass,Total_ants,Native,Poly_total_ants,Poly_ant_biomass,Mono_total_ants,Total_ant_biomass,Native_ant_biomss
,0.0,0.0,0.0,0.0,0.0,0.0,0.0,0.0,0.0,0.0,0.0,0.0,0.0,0.5,1,0,-29.0,97620.335,41066.005,16486.55,10751.395,9445.675,8596.295,7752.335,3522.08,0.0,0.0,0.0,0.0,97620.335,1,0,1.0,0.0,,,,,,,,,0.0,6009163584.915001,,0.0,6009163584.915001,,0.0,0.0,6009163584.915001,6009163584.915001,
,0.0,0.0,0.0,0.0,0.0,0.0,0.0,0.0,0.0,0.0,0.0,0.0,0.0,0.5,1,0,-28.0,98468.435,43914.465,16187.905,9633.69,8662.67,8518.685,7945.75,3605.27,0.0,0.0,0.0,0.0,98468.435,1,0,0.042800506,0.0,,,,,,,,,0.0,5881191636.375,,0.0,5881191636.375,,0.0,0.0,5881191636.375,5881191636.375,
,0.0,0.0,0.0,0.0,0.0,0.0,0.0,0.0,0.0,0.0,0.0,0.0,0.0,0.5,1,0,-27.0,97377.8,43144.03,17422.87,9559.33,7811.775,7840.17,7894.535,3705.09,0.0,0.001981784,0.003963568,0.0,97377.8,1,0,0.071844564,0.0,,,,,,,,,0.0,5701844378.755,,0.0,5701844378.755,,0.0,0.0,5701844378.755,5701844378.755,
,0.0,0.0,0.0,0.0,0.0,0.0,0.0,0.0,0.0,0.0,0.0,0.0,0.0,0.5,1,0,-26.0,95667.055,42092.79,17265.89,10414.78,7820.175,7100.11,7283.705,3689.605,0.0,0.006977341,0.013954676,0.0,95667.055,1,0,0.095697284,0.0,,,,,,,,,0.0,5533039748.045001,,0.0,5533039748.045001,,0.0,0.0,5533039748.045001,5533039748.045001,
,0.0,0.0,0.0,0.0,0.0,0.0,0.0,0.0,0.0,0.0,0.0,0.0,0.0,0.5,1,0,-25.0,94323.83,41132.965,16999.73,10440.595,8592.525,7137.365,6613.31,3407.34,0.0,0.015832971,0.03166594,2.6e-06,94323.83,1,0,0.117549765,0.0,,,,,,,,,0.0,5462074028.005,,0.0,5462074028.005,,0.0,0.0,5462074028.005,5462074028.005,
,0.0,0.0,0.0,0.0,0.0,0.0,0.0,0.0,0.0,0.0,0.0,0.0,0.0,0.5,1,0,-24.0,93937.285,40733.135,16653.88,10326.785,8634.93,7844.995,6651.275,3092.285,0.0,0.028132294,0.056264589,1.58e-05,93937.285,1,0,0.137118225,9.45e-08,,,,,,,,,0.0,5508089194.09,,0.0,5508089194.09,,0.0,0.0,5508089194.09,5508089194.09,
,0.0,0.0,0.0,0.0,0.0,0.0,0.0,0.0,0.0,0.0,0.0,0.0,0.0,0.5,1,0,-23.0,94361.615,40988.49,16479.425,10077.22,8522.665,7876.735,7307.725,3109.355,0.0,0.042657229,0.08531445,5.78e-05,94361.615,1,0,0.14803184,2.81e-07,,,,,,,,,0.0,5589644879.765,,0.0,5589644879.765,,0.0,0.0,5589644879.765,5589644879.765,
,0.0,0.0,0.0,0.0,0.0,0.0,0.0,0.0,0.0,0.0,0.0,0.0,0.0,0.5,1,0,-22.0,94575.71,41369.99,16508.055,9907.075,8282.08,7764.365,7325.225,3418.92,0.0,0.055920468,0.111840935,0.000133434,94575.71,1,0,0.10935543,1.03e-06,,,,,,,,,0.0,5589279050.945,,0.0,5589279050.945,,0.0,0.0,5589279050.945,5589279050.945,
,0.0,0.0,0.0,0.0,0.0,0.0,0.0,0.0,0.0,0.0,0.0,0.0,0.0,0.5,1,0,-21.0,94098.12,41181.89,16649.885,9939.855,8145.18,7541.14,7220.425,3419.745,0.0,0.065700782,0.13140156,0.000275296,94098.12,1,0,0.092168461,4.63e-06,,,,,,,,,0.0,5525274334.315001,,0.0,5525274334.315001,,0.0,0.0,5525274334.315001,5525274334.315001,
,0.0,0.0,0.0,0.0,0.0,0.0,0.0,0.0,0.0,0.0,0.0,0.0,0.0,0.5,1,0,-20.0,93368.07,40643.82,16638.365,10065.5,8195.995,7428.32,7021.815,3374.255,0.0,0.07406632,0.148132645,0.000499158,93368.07,1,0,0.084996638,1.3e-05,,,,,,,,,0.0,5477602309.415,,0.0,5477602309.415,,0.0,0.0,5477602309.415,5477602309.415,
,0.0,0.0,0.0,0.0,0.0,0.0,0.0,0.0,0.0,0.0,0.0,0.0,0.0,0.5,1,0,-19.0,92754.805,40197.65,16457.51,10093.61,8316.585,7482.535,6920.335,3286.58,0.0,0.080818456,0.16163692,0.000793698,92754.805,1,0,0.084468056,2.65e-05,,,,,,,,,0.0,5462264144.775,,0.0,5462264144.775,,0.0,0.0,5462264144.775,5462264144.775,
,0.0,0.0,0.0,0.0,0.0,0.0,0.0,0.0,0.0,0.0,0.0,0.0,0.0,0.5,1,0,-18.0,92410.525,39981.925,16284.54,9990.065,8345.145,7594.975,6974.05,3239.825,0.0,0.085950337,0.17190069,0.001132457,92410.525,1,0,0.088380533,5.85e-05,,,,,,,,,0.0,5469764564.235,,0.0,5469764564.235,,0.0,0.0,5469764564.235,5469764564.235,
,0.0,0.0,0.0,0.0,0.0,0.0,0.0,0.0,0.0,0.0,0.0,0.0,0.0,0.5,1,0,-17.0,92232.74,39945.92,16193.43,9879.27,8257.985,7622.54,7074.76,3258.835,0.0,0.089634441,0.179268915,0.001491061,92232.74,1,0,0.102739942,0.000111678,,,,,,,,,0.0,5472033469.015,,0.0,5472033469.015,,0.0,0.0,5472033469.015,5472033469.015,
,0.0,0.0,0.0,0.0,0.0,0.0,0.0,0.0,0.0,0.0,0.0,0.0,0.0,0.5,1,0,-16.0,91880.115,39777.305,16162.875,9824.555,8163.43,7539.025,7102.765,3310.16,0.0,0.094871625,0.18974329,0.001830772,91880.115,1,0,0.12387467,0.000186085,,,,,,,,,0.0,5454258924.21,,0.0,5454258924.21,,0.0,0.0,5454258924.21,5454258924.21,
,0.0,0.0,0.0,0.0,0.0,0.0,0.0,0.0,0.0,0.0,0.0,0.0,0.0,0.5,1,0,-15.0,91363.585,39498.85,16122.87,9812.87,8128.905,7454.52,7025.74,3319.83,0.0,0.102653458,0.205306935,0.00214862,91363.585,1,0,0.141456275,0.000290462,,,,,,,,,0.0,5421273906.725,,0.0,5421273906.725,,0.0,0.0,5421273906.725,5421273906.725,
,0.0,0.0,0.0,0.0,0.0,0.0,0.0,0.0,0.0,0.0,0.0,0.0,0.0,0.5,1,0,-14.0,90765.035,39119.26,16032.895,9813.34,8130.225,7430.725,6949.615,3288.975,0.0,0.11094285,0.221885745,0.002440418,90765.035,1,0,0.155486385,0.000432519,,,,,,,,,0.0,5393995033.995001,,0.0,5393995033.995001,,0.0,0.0,5393995033.995001,5393995033.995001,
,0.0,0.0,0.0,0.0,0.0,0.0,0.0,0.0,0.0,0.0,0.0,0.0,0.0,0.5,1,0,-13.0,90203.335,38786.7,15893.485,9771.63,8136.425,7432.855,6930.745,3251.495,0.0,0.1193477,0.23869539,0.00276117,90203.335,1,0,0.16657256,0.000606394,,,,,,,,,0.0,5375620288.685,,0.0,5375620288.685,,0.0,0.0,5375620288.685,5375620288.685,
,0.0,0.0,0.0,0.0,0.0,0.0,0.0,0.0,0.0,0.0,0.0,0.0,0.0,0.5,1,0,-12.0,89740.49,38521.75,15792.765,9693.13,8113.89,7443.945,6933.515,3241.495,0.0,0.12778049,0.255561005,0.003113457,89740.49,1,0,0.17661215,0.000773933,,,,,,,,,0.0,5362311844.920001,,0.0,5362311844.920001,,0.0,0.0,5362311844.920001,5362311844.920001,
,0.0,0.0,0.0,0.0,0.0,0.0,0.0,0.0,0.0,0.0,0.0,0.0,0.0,0.5,1,0,-11.0,89198.215,38202.435,15680.53,9648.82,8051.475,7421.195,6944.895,3248.865,0.0,0.136637905,0.273275815,0.003473383,89198.215,1,0,0.18685194,0.000945588,,,,,,,,,0.0,5344826087.499999,,0.0,5344826087.499999,,0.0,0.0,5344826087.499999,5344826087.499999,
,0.0,0.0,0.0,0.0,0.0,0.0,0.0,0.0,0.0,0.0,0.0,0.0,0.0,0.5,1,0,-10.0,88615.87,37901.765,15568.775,9583.66,8015.27,7369.09,6922.92,3254.39,0.0,0.145811995,0.29162402,0.003879339,88615.87,1,0,0.1990029,0.001101612,,,,,,,,,0.0,5318897871.175,,0.0,5318897871.175,,0.0,0.0,5318897871.175,5318897871.175,
,0.0,0.0,0.0,0.0,0.0,0.0,0.0,0.0,0.0,0.0,0.0,0.0,0.0,0.5,1,0,-9.0,87923.27,37480.175,15461.46,9537.445,7976.395,7341.625,6877.38,3248.79,0.0,0.155290025,0.31058006,0.004282726,87923.27,1,0,0.2134703,0.001294514,,,,,,,,,0.0,5291093612.474999,,0.0,5291093612.474999,,0.0,0.0,5291093612.474999,5291093612.474999,
,0.0,0.0,0.0,0.0,0.0,0.0,0.0,0.0,0.0,0.0,0.0,0.0,0.0,0.5,1,0,-8.0,87175.755,37035.665,15309.185,9493.86,7947.355,7310.17,6855.005,3224.515,0.0,0.164844805,0.32968952,0.004720464,87175.755,1,0,0.22957876,0.001450837,,,,,,,,,0.0,5263271984.0,,0.0,5263271984.0,,0.0,0.0,5263271984.0,5263271984.0,
,0.0,0.0,0.0,0.0,0.0,0.0,0.0,0.0,0.0,0.0,0.0,0.0,0.0,0.5,1,0,-7.0,86393.1,36574.265,15148.755,9416.245,7924.005,7285.975,6826.83,3217.025,0.0,0.17453977,0.349079515,0.005123214,86393.1,1,0,0.246691565,0.001612079,,,,,,,,,0.0,5236292144.035,,0.0,5236292144.035,,0.0,0.0,5236292144.035,5236292144.035,
,0.0,0.0,0.0,0.0,0.0,0.0,0.0,0.0,0.0,0.0,0.0,0.0,0.0,0.5,1,0,-6.0,85522.78,36061.71,14987.235,9336.515,7861.965,7270.33,6805.675,3199.35,0.0,0.1844219,0.368843775,0.0055747,85522.78,1,0,0.26445939,0.001799905,,,,,,,,,0.0,5204612746.94,,0.0,5204612746.94,,0.0,0.0,5204612746.94,5204612746.94,
,0.0,0.0,0.0,0.0,0.0,0.0,0.0,0.0,0.0,0.0,0.0,0.0,0.0,0.5,1,0,-5.0,84513.915,35452.495,14801.23,9250.77,7805.36,7215.125,6792.735,3196.2,0.0,0.194654405,0.389308825,0.006003588,84513.915,1,0,0.282322585,0.00198295,,,,,,,,,0.0,5169295130.495,,0.0,5169295130.495,,0.0,0.0,5169295130.495,5169295130.495,
,0.0,0.0,0.0,0.0,0.0,0.0,0.0,0.0,0.0,0.0,0.0,0.0,0.0,0.5,1,0,-4.0,83434.155,34860.935,14574.01,9149.55,7745.665,7170.305,6746.8,3186.89,0.0,0.20513844,0.41027681,0.006422823,83434.155,1,0,0.300392355,0.002187255,,,,,,,,,0.0,5126542218.4800005,,0.0,5126542218.4800005,,0.0,0.0,5126542218.4800005,5126542218.4800005,
,0.0,0.0,0.0,0.0,0.0,0.0,0.0,0.0,0.0,0.0,0.0,0.0,0.0,0.5,1,0,-3.0,82261.22,34177.52,14360.62,9054.38,7672.3,7118.36,6708.53,3169.51,0.0,0.21577985,0.431559695,0.006873424,82261.22,1,0,0.318534665,0.002402966,,,,,,,,,0.0,5080906923.76,,0.0,5080906923.76,,0.0,0.0,5080906923.76,5080906923.76,
,0.0,0.0,0.0,0.0,0.0,0.0,0.0,0.0,0.0,0.0,0.0,0.0,0.0,0.5,1,0,-2.0,80990.72,33453.02,14117.22,8941.095,7608.51,7056.055,6660.23,3154.59,0.0,0.22631937,0.45263873,0.007335425,80990.72,1,0,0.337368515,0.002632618,,,,,,,,,0.0,5031067070.845,,0.0,5031067070.845,,0.0,0.0,5031067070.845,5031067070.845,
,0.0,0.0,0.0,0.0,0.0,0.0,0.0,0.0,0.0,0.0,0.0,0.0,0.0,0.5,1,0,-1.0,79599.305,32663.66,13850.15,8816.915,7527.69,7005.785,6607.75,3127.355,0.0,0.2368261,0.47365212,0.007788326,79599.305,1,0,0.356386855,0.002855688,,,,,,,,,0.0,4976140628.724999,,0.0,4976140628.724999,,0.0,0.0,4976140628.724999,4976140628.724999,
,0.0,0.0,0.0,0.0,0.0,0.0,0.0,0.0,0.0,0.0,0.0,0.0,0.0,0.5,1,0,0.0,78133.495,31833.535,13559.215,8691.02,7445.845,6938.81,6565.94,3099.13,0.0,0.24743461,0.494869185,0.008255228,78133.495,1,0,0.376056075,0.003075109,,,,,,,,,0.0,4918924837.919999,,0.0,4918924837.919999,,0.0,0.0,4918924837.919999,4918924837.919999,
,0.0,0.0,0.0,0.0,0.0,0.0,0.0,0.0,0.0,0.0,0.0,0.0,0.0,0.5,1,0,1.0,76597.1,30966.265,13268.21,8539.63,7358.53,6869.175,6505.39,3089.9,0.0,0.257837825,0.51567562,0.008716686,76597.1,1,0,0.396524345,0.003278398,,,,,,,,,0.0,4858529595.094999,,0.0,4858529595.094999,,0.0,0.0,4858529595.094999,4858529595.094999,
,0.0,0.0,0.0,0.0,0.0,0.0,0.0,0.0,0.0,0.0,0.0,0.0,0.0,0.5,1,0,2.0,74956.115,30072.895,12946.195,8387.05,7251.975,6796.6,6442.485,3058.915,0.0,0.26829858,0.53659711,0.009141168,74956.115,1,0,0.416726995,0.003498217,,,,,,,,,0.0,4790007301.12,,0.0,4790007301.12,,0.0,0.0,4790007301.12,4790007301.12,
,0.0,0.0,0.0,0.0,0.0,0.0,0.0,0.0,0.0,0.0,0.0,0.0,0.0,0.5,1,0,3.0,73161.68,29084.315,12607.41,8222.085,7133.715,6704.245,6379.805,3030.105,0.0,0.27832973,0.556659405,0.009579819,73161.68,1,0,0.43747994,0.00374272,,,,,,,,,0.0,4715134726.015,,0.0,4715134726.015,,0.0,0.0,4715134726.015,4715134726.015,
,0.0,0.0,0.0,0.0,0.0,0.0,0.0,0.0,0.0,0.0,0.0,0.0,0.0,0.5,1,0,4.0,71315.62,28070.935,12262.45,8056.09,7016.945,6607.095,6296.375,3005.73,0.0,0.288440775,0.576881595,0.010019646,71315.62,1,0,0.457847575,0.003966708,,,,,,,,,0.0,4636545228.74,,0.0,4636545228.74,,0.0,0.0,4636545228.74,4636545228.74,
,0.0,0.0,0.0,0.0,0.0,0.0,0.0,0.0,0.0,0.0,0.0,0.0,0.0,0.5,1,0,5.0,69399.075,27048.69,11881.86,7880.565,6902.885,6504.22,6210.055,2970.8,0.0,0.298185105,0.59637025,0.010474859,69399.075,1,0,0.478310855,0.004208597,,,,,,,,,0.0,4553349286.51,,0.0,4553349286.51,,0.0,0.0,4553349286.51,4553349286.51,
,0.0,0.0,0.0,0.0,0.0,0.0,0.0,0.0,0.0,0.0,0.0,0.0,0.0,0.5,1,0,6.0,67391.115,25964.285,11501.255,7688.475,6774.67,6410.06,6119.55,2932.82,0.0,0.307773795,0.61554761,0.010856713,67391.115,1,0,0.4985569,0.004456685,,,,,,,,,0.0,4466767194.86,,0.0,4466767194.86,,0.0,0.0,4466767194.86,4466767194.86,
,0.0,0.0,0.0,0.0,0.0,0.0,0.0,0.0,0.0,0.0,0.0,0.0,0.0,0.5,1,0,7.0,65343.925,24872.85,11121.525,7489.76,6635.565,6299.705,6033.84,2890.68,0.0,0.31698689,0.633973735,0.011270647,65343.925,1,0,0.51884756,0.004685835,,,,,,,,,0.0,4375895107.585,,0.0,4375895107.585,,0.0,0.0,4375895107.585,4375895107.585,
,0.0,0.0,0.0,0.0,0.0,0.0,0.0,0.0,0.0,0.0,0.0,0.0,0.0,0.5,1,0,8.0,63216.145,23768.195,10705.8,7289.46,6492.63,6176.69,5937.41,2845.96,0.0,0.325961075,0.6519221,0.011653577,63216.145,1,0,0.53856273,0.004934931,,,,,,,,,0.0,4279107472.1450005,,0.0,4279107472.1450005,,0.0,0.0,4279107472.1450005,4279107472.1450005,
,0.0,0.0,0.0,0.0,0.0,0.0,0.0,0.0,0.0,0.0,0.0,0.0,0.0,0.5,1,0,9.0,61035.955,22633.425,10305.475,7075.225,6338.73,6055.335,5822.035,2805.73,0.0,0.334582795,0.66916552,0.012013643,61035.955,1,0,0.557926115,0.005183232,,,,,,,,,0.0,4177991753.8600006,,0.0,4177991753.8600006,,0.0,0.0,4177991753.8600006,4177991753.8600006,
,0.0,0.0,0.0,0.0,0.0,0.0,0.0,0.0,0.0,0.0,0.0,0.0,0.0,0.5,1,0,10.0,58832.615,21516.57,9879.35,6868.745,6185.615,5918.805,5711.53,2752.0,0.0,0.34297333,0.685946615,0.012367106,58832.615,1,0,0.576830835,0.005374859,,,,,,,,,0.0,4073136507.5499997,,0.0,4073136507.5499997,,0.0,0.0,4073136507.5499997,4073136507.5499997,
,0.0,0.0,0.0,0.0,0.0,0.0,0.0,0.0,0.0,0.0,0.0,0.0,0.0,0.5,1,0,11.0,56599.005,20385.145,9462.245,6639.57,6033.065,5784.45,5590.675,2703.855,0.0,0.35093399,0.701868075,0.012745109,56599.005,1,0,0.595263795,0.005592547,,,,,,,,,0.0,3966395113.92,,0.0,3966395113.92,,0.0,0.0,3966395113.92,3966395113.92,
,0.0,0.0,0.0,0.0,0.0,0.0,0.0,0.0,0.0,0.0,0.0,0.0,0.0,0.5,1,0,12.0,54367.33,19292.615,9033.525,6424.85,5857.635,5650.96,5464.52,2643.225,0.0,0.35866743,0.71733485,0.013043895,54367.33,1,0,0.613158595,0.005765793,,,,,,,,,0.0,3855017511.2400002,,0.0,3855017511.2400002,,0.0,0.0,3855017511.2400002,3855017511.2400002,
,0.0,0.0,0.0,0.0,0.0,0.0,0.0,0.0,0.0,0.0,0.0,0.0,0.0,0.5,1,0,13.0,52112.135,18184.215,8629.145,6185.835,5691.455,5491.895,5341.93,2587.66,0.0,0.36590468,0.731809335,0.013372442,52112.135,1,0,0.63084694,0.005946772,,,,,,,,,0.0,3741073192.585,,0.0,3741073192.585,,0.0,0.0,3741073192.585,3741073192.585,
,0.0,0.0,0.0,0.0,0.0,0.0,0.0,0.0,0.0,0.0,0.0,0.0,0.0,0.5,1,0,14.0,49870.69,17095.99,8210.655,5981.575,5507.505,5343.965,5197.485,2533.515,0.0,0.373027105,0.74605419,0.013652174,49870.69,1,0,0.64805064,0.006160929,,,,,,,,,0.0,3625561963.9300003,,0.0,3625561963.9300003,,0.0,0.0,3625561963.9300003,3625561963.9300003,
,0.0,0.0,0.0,0.0,0.0,0.0,0.0,0.0,0.0,0.0,0.0,0.0,0.0,0.5,1,0,15.0,47615.83,16026.61,7791.9,5748.0,5352.025,5179.925,5058.605,2458.765,0.0,0.379595105,0.75919025,0.013939349,47615.83,1,0,0.664271935,0.006341326,,,,,,,,,0.0,3506578943.8650002,,0.0,3506578943.8650002,,0.0,0.0,3506578943.8650002,3506578943.8650002,
,0.0,0.0,0.0,0.0,0.0,0.0,0.0,0.0,0.0,0.0,0.0,0.0,0.0,0.5,1,0,16.0,45430.035,15017.65,7385.81,5516.795,5165.32,5040.99,4904.285,2399.185,0.0,0.38593362,0.7718673,0.014219638,45430.035,1,0,0.680145615,0.006470725,,,,,,,,,0.0,3388669654.4750004,,0.0,3388669654.4750004,,0.0,0.0,3388669654.4750004,3388669654.4750004,
,0.0,0.0,0.0,0.0,0.0,0.0,0.0,0.0,0.0,0.0,0.0,0.0,0.0,0.5,1,0,17.0,43248.485,14012.075,6999.975,5286.725,4978.9,4868.165,4778.275,2324.37,0.0,0.391947175,0.783894425,0.014422517,43248.485,1,0,0.69556485,0.006647602,,,,,,,,,0.0,3268365976.4799995,,0.0,3268365976.4799995,,0.0,0.0,3268365976.4799995,3268365976.4799995,
,0.0,0.0,0.0,0.0,0.0,0.0,0.0,0.0,0.0,0.0,0.0,0.0,0.0,0.5,1,0,18.0,41105.41,13041.57,6605.91,5072.36,4797.585,4701.495,4615.795,2270.695,0.0,0.39763276,0.795265555,0.014632127,41105.41,1,0,0.710055325,0.006824191,,,,,,,,,0.0,3148401102.205,,0.0,3148401102.205,,0.0,0.0,3148401102.205,3148401102.205,
,0.0,0.0,0.0,0.0,0.0,0.0,0.0,0.0,0.0,0.0,0.0,0.0,0.0,0.5,1,0,19.0,39028.81,12146.955,6230.335,4846.045,4622.27,4533.565,4460.845,2188.795,0.0,0.402995775,0.80599162,0.014849795,39028.81,1,0,0.7240584,0.006942431,,,,,,,,,0.0,3025814739.39,,0.0,3025814739.39,,0.0,0.0,3025814739.39,3025814739.39,
,0.0,0.0,0.0,0.0,0.0,0.0,0.0,0.0,0.0,0.0,0.0,0.0,0.0,0.5,1,0,20.0,36975.53,11258.865,5876.455,4623.03,4434.6,4371.88,4299.94,2110.76,0.0,0.408155945,0.8163119,0.015065385,36975.53,1,0,0.7370657,0.007044064,,,,,,,,,0.0,2903244474.055,,0.0,2903244474.055,,0.0,0.0,2903244474.055,2903244474.055,
,0.0,0.0,0.0,0.0,0.0,0.0,0.0,0.0,0.0,0.0,0.0,0.0,0.0,0.5,1,0,21.0,35002.15,10410.64,5529.52,4421.845,4250.405,4197.925,4150.245,2041.57,0.0,0.4128644,0.825728755,0.015237375,35002.15,1,0,0.749654215,0.007199168,,,,,,,,,0.0,2784703480.25,,0.0,2784703480.25,,0.0,0.0,2784703480.25,2784703480.25,
,0.0,0.0,0.0,0.0,0.0,0.0,0.0,0.0,0.0,0.0,0.0,0.0,0.0,0.5,1,0,22.0,33084.8,9625.785,5186.16,4213.225,4080.755,4025.815,3982.955,1970.105,0.0,0.41733407,0.834668215,0.015396038,33084.8,1,0,0.761569835,0.007353783,,,,,,,,,0.0,2665093422.8050003,,0.0,2665093422.8050003,,0.0,0.0,2665093422.8050003,2665093422.8050003,
,0.0,0.0,0.0,0.0,0.0,0.0,0.0,0.0,0.0,0.0,0.0,0.0,0.0,0.5,1,0,23.0,31227.53,8869.68,4871.085,4000.08,3904.195,3868.98,3823.04,1890.47,0.0,0.421500935,0.84300182,0.015572455,31227.53,1,0,0.77270465,0.007470954,,,,,,,,,0.0,2547569362.4550004,,0.0,2547569362.4550004,,0.0,0.0,2547569362.4550004,2547569362.4550004,
,0.0,0.0,0.0,0.0,0.0,0.0,0.0,0.0,0.0,0.0,0.0,0.0,0.0,0.5,1,0,24.0,29453.765,8172.785,4559.46,3810.955,3719.305,3702.355,3674.065,1814.84,0.0,0.42541061,0.850821265,0.015733151,29453.765,1,0,0.783516745,0.007607612,,,,,,,,,0.0,2432357349.9649997,,0.0,2432357349.9649997,,0.0,0.0,2432357349.9649997,2432357349.9649997,
,0.0,0.0,0.0,0.0,0.0,0.0,0.0,0.0,0.0,0.0,0.0,0.0,0.0,0.5,1,0,25.0,27763.11,7533.305,4272.275,3613.545,3555.505,3528.175,3517.16,1743.145,0.0,0.429084925,0.858169745,0.015851953,27763.11,1,0,0.793591585,0.007712934,,,,,,,,,0.0,2318571782.675,,0.0,2318571782.675,,0.0,0.0,2318571782.675,2318571782.675,
,0.0,0.0,0.0,0.0,0.0,0.0,0.0,0.0,0.0,0.0,0.0,0.0,0.0,0.5,1,0,26.0,26124.655,6905.015,4008.87,3434.775,3381.37,3373.795,3351.375,1669.455,0.0,0.4325257,0.86505132,0.015970474,26124.655,1,0,0.803118155,0.007796213,,,,,,,,,0.0,2206895513.06,,0.0,2206895513.06,,0.0,0.0,2206895513.06,2206895513.06,
,0.0,0.0,0.0,0.0,0.0,0.0,0.0,0.0,0.0,0.0,0.0,0.0,0.0,0.5,1,0,27.0,24573.63,6338.55,3740.49,3266.24,3222.28,3211.03,3204.755,1590.285,0.0,0.43573741,0.871474795,0.016081354,24573.63,1,0,0.81195093,0.007876594,,,,,,,,,0.0,2099200008.81,,0.0,2099200008.81,,0.0,0.0,2099200008.81,2099200008.81,
,0.0,0.0,0.0,0.0,0.0,0.0,0.0,0.0,0.0,0.0,0.0,0.0,0.0,0.5,1,0,28.0,23091.95,5813.74,3490.895,3083.475,3071.71,3060.765,3048.125,1523.24,0.0,0.43873915,0.877478355,0.016183115,23091.95,1,0,0.820159405,0.008000346,,,,,,,,,0.0,1994767187.925,,0.0,1994767187.925,,0.0,0.0,1994767187.925,1994767187.925,
,0.0,0.0,0.0,0.0,0.0,0.0,0.0,0.0,0.0,0.0,0.0,0.0,0.0,0.5,1,0,29.0,21684.05,5322.23,3270.25,2913.945,2905.325,2916.63,2907.36,1448.31,0.0,0.441416415,0.882832885,0.016368565,21684.05,1,0,0.827625615,0.008092838,,,,,,,,,0.0,1892702036.71,,0.0,1892702036.71,,0.0,0.0,1892702036.71,1892702036.71,
,0.0,0.0,0.0,0.0,0.0,0.0,0.0,0.0,0.0,0.0,0.0,0.0,0.0,0.5,1,0,30.0,20350.37,4876.445,3052.075,2763.795,2751.14,2758.76,2770.19,1377.965,0.0,0.444022305,0.88804457,0.016431208,20350.37,1,0,0.8349576,0.008107885,,,,,,,,,0.0,1793292844.1499999,,0.0,1793292844.1499999,,0.0,0.0,1793292844.1499999,1793292844.1499999,
,0.0,0.0,0.0,0.0,0.0,0.0,0.0,0.0,0.0,0.0,0.0,0.0,0.0,0.5,1,0,31.0,19086.87,4464.13,2853.55,2608.775,2612.245,2612.66,2621.505,1314.005,0.0,0.4463629,0.892725915,0.016563595,19086.87,1,0,0.841853545,0.008131136,,,,,,,,,0.0,1697292184.8799999,,0.0,1697292184.8799999,,0.0,0.0,1697292184.8799999,1697292184.8799999,
,0.0,0.0,0.0,0.0,0.0,0.0,0.0,0.0,0.0,0.0,0.0,0.0,0.0,0.5,1,0,32.0,17883.825,4071.945,2662.365,2469.6,2469.07,2482.23,2482.33,1246.285,0.0,0.44849301,0.89698607,0.016662246,17883.825,1,0,0.847984795,0.00821574,,,,,,,,,0.0,1605665934.595,,0.0,1605665934.595,,0.0,0.0,1605665934.595,1605665934.595,
,0.0,0.0,0.0,0.0,0.0,0.0,0.0,0.0,0.0,0.0,0.0,0.0,0.0,0.5,1,0,33.0,16755.57,3728.965,2478.765,2328.09,2339.24,2344.49,2356.785,1179.235,0.0,0.45067878,0.901357485,0.016747266,16755.57,1,0,0.853878205,0.008304345,,,,,,,,,0.0,1517430523.915,,0.0,1517430523.915,,0.0,0.0,1517430523.915,1517430523.915,
,0.0,0.0,0.0,0.0,0.0,0.0,0.0,0.0,0.0,0.0,0.0,0.0,0.0,0.5,1,0,34.0,15702.78,3413.835,2323.905,2189.2,2207.355,2221.555,2227.105,1119.825,0.0,0.45246089,0.904921795,0.016878325,15702.78,1,0,0.85934477,0.008370394,,,,,,,,,0.0,1433101353.94,,0.0,1433101353.94,,0.0,0.0,1433101353.94,1433101353.94,
,0.0,0.0,0.0,0.0,0.0,0.0,0.0,0.0,0.0,0.0,0.0,0.0,0.0,0.5,1,0,35.0,14703.595,3121.595,2169.405,2073.28,2076.935,2096.935,2108.265,1057.18,0.0,0.45435131,0.908702575,0.016897928,14703.595,1,0,0.864521695,0.008403577,,,,,,,,,0.0,1351829467.4599998,,0.0,1351829467.4599998,,0.0,0.0,1351829467.4599998,1351829467.4599998,
,0.0,0.0,0.0,0.0,0.0,0.0,0.0,0.0,0.0,0.0,0.0,0.0,0.0,0.5,1,0,36.0,13766.94,2854.375,2031.45,1949.65,1967.7,1973.15,1991.675,998.94,0.0,0.45607268,0.91214537,0.016973141,13766.94,1,0,0.869281005,0.00846499,,,,,,,,,0.0,1274582167.8650002,,0.0,1274582167.8650002,,0.0,0.0,1274582167.8650002,1274582167.8650002,
,0.0,0.0,0.0,0.0,0.0,0.0,0.0,0.0,0.0,0.0,0.0,0.0,0.0,0.5,1,0,37.0,12882.715,2608.11,1892.795,1840.705,1851.18,1870.12,1874.985,944.82,0.0,0.45759615,0.915192345,0.017055399,12882.715,1,0,0.874003435,0.008428915,,,,,,,,,0.0,1201551689.425,,0.0,1201551689.425,,0.0,0.0,1201551689.425,1201551689.425,
,0.0,0.0,0.0,0.0,0.0,0.0,0.0,0.0,0.0,0.0,0.0,0.0,0.0,0.5,1,0,38.0,12066.215,2395.84,1766.22,1730.19,1747.905,1758.405,1777.705,889.95,0.0,0.459060435,0.91812084,0.017081658,12066.215,1,0,0.87781642,0.00849569,,,,,,,,,0.0,1132453005.765,,0.0,1132453005.765,,0.0,0.0,1132453005.765,1132453005.765,
,0.0,0.0,0.0,0.0,0.0,0.0,0.0,0.0,0.0,0.0,0.0,0.0,0.0,0.5,1,0,39.0,11287.765,2187.185,1656.775,1622.86,1643.44,1661.09,1670.585,845.83,0.0,0.46029084,0.920581635,0.017204921,11287.765,1,0,0.881720005,0.008561982,,,,,,,,,0.0,1066375972.7850001,,0.0,1066375972.7850001,,0.0,0.0,1066375972.7850001,1066375972.7850001,
,0.0,0.0,0.0,0.0,0.0,0.0,0.0,0.0,0.0,0.0,0.0,0.0,0.0,0.5,1,0,40.0,10558.72,2007.92,1544.515,1531.375,1540.885,1562.575,1577.865,793.585,0.0,0.46144806,0.92289614,0.017222112,10558.72,1,0,0.88523525,0.008601638,,,,,,,,,0.0,1002698957.14,,0.0,1002698957.14,,0.0,0.0,1002698957.14,1002698957.14,
,0.0,0.0,0.0,0.0,0.0,0.0,0.0,0.0,0.0,0.0,0.0,0.0,0.0,0.5,1,0,41.0,9872.885,1837.35,1447.175,1435.39,1455.47,1463.75,1484.51,749.24,0.0,0.46268156,0.925363175,0.017188991,9872.885,1,0,0.88840092,0.00874527,,,,,,,,,0.0,942518250.4300001,,0.0,942518250.4300001,,0.0,0.0,942518250.4300001,942518250.4300001,
,0.0,0.0,0.0,0.0,0.0,0.0,0.0,0.0,0.0,0.0,0.0,0.0,0.0,0.5,1,0,42.0,9226.06,1680.99,1352.735,1351.28,1363.905,1382.765,1390.925,703.46,0.0,0.463700185,0.927400435,0.017293582,9226.06,1,0,0.891520285,0.008739838,,,,,,,,,0.0,885124848.805,,0.0,885124848.805,,0.0,0.0,885124848.805,885124848.805,
,0.0,0.0,0.0,0.0,0.0,0.0,0.0,0.0,0.0,0.0,0.0,0.0,0.0,0.5,1,0,43.0,8627.465,1546.685,1262.705,1267.075,1282.72,1296.505,1313.01,658.765,0.0,0.4646296,0.929259155,0.017319592,8627.465,1,0,0.894393535,0.008750051,,,,,,,,,0.0,831303686.6,,0.0,831303686.6,,0.0,0.0,831303686.6,831303686.6,
,0.0,0.0,0.0,0.0,0.0,0.0,0.0,0.0,0.0,0.0,0.0,0.0,0.0,0.5,1,0,44.0,8074.23,1424.175,1186.26,1186.75,1203.715,1218.73,1232.32,622.28,0.0,0.46557425,0.931148425,0.017288045,8074.23,1,0,0.897079115,0.008781454,,,,,,,,,0.0,780771873.7199999,,0.0,780771873.7199999,,0.0,0.0,780771873.7199999,780771873.7199999,
,0.0,0.0,0.0,0.0,0.0,0.0,0.0,0.0,0.0,0.0,0.0,0.0,0.0,0.5,1,0,45.0,7547.24,1304.82,1112.465,1117.25,1127.315,1144.515,1156.9,583.975,0.0,0.46651254,0.93302503,0.01730636,7547.24,1,0,0.899579655,0.008816719,,,,,,,,,0.0,732572819.455,,0.0,732572819.455,,0.0,0.0,732572819.455,732572819.455,
,0.0,0.0,0.0,0.0,0.0,0.0,0.0,0.0,0.0,0.0,0.0,0.0,0.0,0.5,1,0,46.0,7051.64,1194.46,1038.08,1050.325,1061.345,1071.03,1086.92,549.48,0.0,0.467395145,0.9347904,0.017323279,7051.64,1,0,0.901941875,0.008872995,,,,,,,,,0.0,687580845.78,,0.0,687580845.78,,0.0,0.0,687580845.78,687580845.78,
,0.0,0.0,0.0,0.0,0.0,0.0,0.0,0.0,0.0,0.0,0.0,0.0,0.0,0.5,1,0,47.0,6589.82,1100.455,966.44,981.845,998.065,1008.76,1018.03,516.225,0.0,0.468168655,0.93633736,0.017345734,6589.82,1,0,0.90380815,0.00887535,,,,,,,,,0.0,645160564.735,,0.0,645160564.735,,0.0,0.0,645160564.735,645160564.735,
,0.0,0.0,0.0,0.0,0.0,0.0,0.0,0.0,0.0,0.0,0.0,0.0,0.0,0.5,1,0,48.0,6154.405,1010.15,905.095,915.44,932.91,947.895,957.955,484.96,0.0,0.46891009,0.937820195,0.017320295,6154.405,1,0,0.90584368,0.008938781,,,,,,,,,0.0,604999490.5899999,,0.0,604999490.5899999,,0.0,0.0,604999490.5899999,604999490.5899999,
,0.0,0.0,0.0,0.0,0.0,0.0,0.0,0.0,0.0,0.0,0.0,0.0,0.0,0.5,1,0,49.0,5746.305,934.07,844.89,857.15,869.795,885.73,900.955,453.715,0.0,0.469735315,0.939470665,0.017249457,5746.305,1,0,0.907558015,0.00897756,,,,,,,,,0.0,566154724.775,,0.0,566154724.775,,0.0,0.0,566154724.775,566154724.775,
,0.0,0.0,0.0,0.0,0.0,0.0,0.0,0.0,0.0,0.0,0.0,0.0,0.0,0.5,1,0,50.0,5354.69,852.615,791.465,801.36,813.75,826.29,841.695,427.515,0.0,0.470333105,0.940666175,0.01716258,5354.69,1,0,0.9092082,0.009092239,,,,,,,,,0.0,529418885.885,,0.0,529418885.885,,0.0,0.0,529418885.885,529418885.885,
,0.0,0.0,0.0,0.0,0.0,0.0,0.0,0.0,0.0,0.0,0.0,0.0,0.0,0.5,1,0,51.0,4984.355,783.185,733.1,750.42,761.35,772.9,784.625,398.775,0.0,0.47076517,0.941530325,0.017270375,4984.355,1,0,0.91109635,0.009067337,,,,,,,,,0.0,494325145.9549999,,0.0,494325145.9549999,,0.0,0.0,494325145.9549999,494325145.9549999,
,0.0,0.0,0.0,0.0,0.0,0.0,0.0,0.0,0.0,0.0,0.0,0.0,0.0,0.5,1,0,52.0,4645.63,724.06,681.04,695.705,713.395,723.255,734.4,373.775,0.0,0.471230445,0.942460985,0.017228095,4645.63,1,0,0.91275796,0.009130258,,,,,,,,,0.0,462127846.86,,0.0,462127846.86,,0.0,0.0,462127846.86,462127846.86,
,0.0,0.0,0.0,0.0,0.0,0.0,0.0,0.0,0.0,0.0,0.0,0.0,0.0,0.5,1,0,53.0,4325.8,664.78,639.025,646.675,661.12,677.505,687.67,349.025,0.0,0.471741795,0.943483565,0.017222185,4325.8,1,0,0.914363455,0.009031285,,,,,,,,,0.0,431316914.81499994,,0.0,431316914.81499994,,0.0,0.0,431316914.81499994,431316914.81499994,
,0.0,0.0,0.0,0.0,0.0,0.0,0.0,0.0,0.0,0.0,0.0,0.0,0.0,0.5,1,0,54.0,4027.53,613.02,592.67,606.165,614.195,628.215,644.6,328.665,0.0,0.472261165,0.94452235,0.017277766,4027.53,1,0,0.915819345,0.0088884,,,,,,,,,0.0,402534268.24,,0.0,402534268.24,,0.0,0.0,402534268.24,402534268.24,
,0.0,0.0,0.0,0.0,0.0,0.0,0.0,0.0,0.0,0.0,0.0,0.0,0.0,0.5,1,0,55.0,3736.905,560.11,551.7,562.335,575.775,583.43,596.945,306.61,0.0,0.47250791,0.945015815,0.017234545,3736.905,1,0,0.916749275,0.00874228,,,,,,,,,0.0,374366505.19,,0.0,374366505.19,,0.0,0.0,374366505.19,374366505.19,
,0.0,0.0,0.0,0.0,0.0,0.0,0.0,0.0,0.0,0.0,0.0,0.0,0.0,0.5,1,0,56.0,3468.675,518.525,507.775,523.59,534.665,547.03,554.035,283.055,0.0,0.472870145,0.94574026,0.017273697,3468.675,1,0,0.917265785,0.008687117,,,,,,,,,0.0,348078889.8399999,,0.0,348078889.8399999,,0.0,0.0,348078889.8399999,348078889.8399999,
,0.0,0.0,0.0,0.0,0.0,0.0,0.0,0.0,0.0,0.0,0.0,0.0,0.0,0.5,1,0,57.0,3220.895,479.275,473.715,481.49,497.24,507.67,519.255,262.25,0.0,0.47303239,0.946064745,0.017380469,3220.895,1,0,0.91852228,0.008555619,,,,,,,,,0.0,323663427.485,,0.0,323663427.485,,0.0,0.0,323663427.485,323663427.485,
,0.0,0.0,0.0,0.0,0.0,0.0,0.0,0.0,0.0,0.0,0.0,0.0,0.0,0.5,1,0,58.0,2985.725,437.96,440.58,450.385,457.365,472.48,482.575,244.38,0.0,0.473399375,0.946798715,0.017294808,2985.725,1,0,0.919220015,0.008588784,,,,,,,,,0.0,300576661.20000005,,0.0,300576661.20000005,,0.0,0.0,300576661.20000005,300576661.20000005,
,0.0,0.0,0.0,0.0,0.0,0.0,0.0,0.0,0.0,0.0,0.0,0.0,0.0,0.5,1,0,59.0,2776.765,411.975,405.35,418.57,427.955,434.59,448.5,229.825,0.0,0.47365537,0.947310695,0.017189133,2776.765,1,0,0.91995976,0.008567667,,,,,,,,,0.0,279392380.76,,0.0,279392380.76,,0.0,0.0,279392380.76,279392380.76,
,0.0,0.0,0.0,0.0,0.0,0.0,0.0,0.0,0.0,0.0,0.0,0.0,0.0,0.5,1,0,60.0,2574.36,377.19,382.97,385.01,397.54,406.415,412.335,212.9,0.0,0.473833345,0.947666665,0.01720067,2574.36,1,0,0.92042426,0.008702831,,,,,,,,,0.0,259003771.55,,0.0,259003771.55,,0.0,0.0,259003771.55,259003771.55,
,0.0,0.0,0.0,0.0,0.0,0.0,0.0,0.0,0.0,0.0,0.0,0.0,0.0,0.5,1,0,61.0,2385.17,345.045,352.065,364.32,365.475,377.065,386.35,194.85,0.0,0.474125945,0.948251875,0.017170063,2385.17,1,0,0.92110785,0.008869828,,,,,,,,,0.0,240437692.53,,0.0,240437692.53,,0.0,0.0,240437692.53,240437692.53,
,0.0,0.0,0.0,0.0,0.0,0.0,0.0,0.0,0.0,0.0,0.0,0.0,0.0,0.5,1,0,62.0,2211.775,318.985,323.315,333.965,346.71,347.555,357.59,183.655,0.0,0.474096375,0.948192785,0.017386442,2211.775,1,0,0.921530335,0.008982211,,,,,,,,,0.0,223615055.9,,0.0,223615055.9,,0.0,0.0,223615055.9,223615055.9,
,0.0,0.0,0.0,0.0,0.0,0.0,0.0,0.0,0.0,0.0,0.0,0.0,0.0,0.5,1,0,63.0,2046.6,293.17,299.865,306.69,317.075,329.475,329.975,170.35,0.0,0.4743071,0.9486142,0.017324223,2046.6,1,0,0.92160956,0.009188827,,,,,,,,,0.0,207417892.245,,0.0,207417892.245,,0.0,0.0,207417892.245,207417892.245,
,0.0,0.0,0.0,0.0,0.0,0.0,0.0,0.0,0.0,0.0,0.0,0.0,0.0,0.5,1,0,64.0,1895.085,269.9,276.66,284.66,291.18,301.29,313.33,158.065,0.0,0.474528425,0.94905694,0.017039398,1895.085,1,0,0.92214496,0.009164631,,,,,,,,,0.0,192523524.06,,0.0,192523524.06,,0.0,0.0,192523524.06,192523524.06,
,0.0,0.0,0.0,0.0,0.0,0.0,0.0,0.0,0.0,0.0,0.0,0.0,0.0,0.5,1,0,65.0,1753.91,253.98,254.78,263.11,270.26,276.745,286.255,148.78,0.0,0.4747887,0.9495774,0.016912011,1753.91,1,0,0.92277224,0.009247055,,,,,,,,,0.0,177730860.34,,0.0,177730860.34,,0.0,0.0,177730860.34,177730860.34,
,0.0,0.0,0.0,0.0,0.0,0.0,0.0,0.0,0.0,0.0,0.0,0.0,0.0,0.5,1,0,66.0,1617.985,231.965,239.935,241.715,249.85,257.275,262.945,134.3,0.0,0.47491414,0.949828285,0.016857095,1617.985,1,0,0.92342879,0.009019736,,,,,,,,,0.0,163692482.59,,0.0,163692482.59,,0.0,0.0,163692482.59,163692482.59,
,0.0,0.0,0.0,0.0,0.0,0.0,0.0,0.0,0.0,0.0,0.0,0.0,0.0,0.5,1,0,67.0,1498.63,213.945,220.005,227.58,229.31,237.315,244.49,125.985,0.0,0.47517741,0.950354735,0.017095786,1498.63,1,0,0.923972315,0.008877904,,,,,,,,,0.0,151823768.285,,0.0,151823768.285,,0.0,0.0,151823768.285,151823768.285,
,0.0,0.0,0.0,0.0,0.0,0.0,0.0,0.0,0.0,0.0,0.0,0.0,0.0,0.5,1,0,68.0,1383.55,195.555,202.68,209.0,216.215,217.495,225.675,116.93,0.0,0.475628695,0.951257405,0.017034637,1383.55,1,0,0.92401856,0.008771301,,,,,,,,,0.0,140468307.52,,0.0,140468307.52,,0.0,0.0,140468307.52,140468307.52,
,0.0,0.0,0.0,0.0,0.0,0.0,0.0,0.0,0.0,0.0,0.0,0.0,0.0,0.5,1,0,69.0,1275.45,179.24,185.685,192.46,198.825,205.55,207.15,106.54,0.0,0.47570777,0.951415575,0.017167034,1275.45,1,0,0.92389555,0.008801633,,,,,,,,,0.0,129794739.125,,0.0,129794739.125,,0.0,0.0,129794739.125,129794739.125,
,0.0,0.0,0.0,0.0,0.0,0.0,0.0,0.0,0.0,0.0,0.0,0.0,0.0,0.5,1,0,70.0,1178.26,167.305,170.055,176.615,182.945,188.485,194.825,98.03,0.0,0.475975825,0.9519517,0.017235096,1178.26,1,0,0.924130275,0.008668771,,,,,,,,,0.0,119990146.305,,0.0,119990146.305,,0.0,0.0,119990146.305,119990146.305,
,0.0,0.0,0.0,0.0,0.0,0.0,0.0,0.0,0.0,0.0,0.0,0.0,0.0,0.5,1,0,71.0,1089.145,154.89,158.99,161.8,167.845,173.765,179.4,92.455,0.0,0.476069885,0.952139825,0.017146962,1089.145,1,0,0.924115665,0.008581066,,,,,,,,,0.0,110829750.145,,0.0,110829750.145,,0.0,0.0,110829750.145,110829750.145,
,0.0,0.0,0.0,0.0,0.0,0.0,0.0,0.0,0.0,0.0,0.0,0.0,0.0,0.5,1,0,72.0,1004.05,142.905,147.08,150.755,153.72,159.575,164.83,85.185,0.0,0.47616951,0.95233901,0.017102845,1004.05,1,0,0.924923095,0.008797015,,,,,,,,,0.0,101982183.74,,0.0,101982183.74,,0.0,0.0,101982183.74,101982183.74,
,0.0,0.0,0.0,0.0,0.0,0.0,0.0,0.0,0.0,0.0,0.0,0.0,0.0,0.5,1,0,73.0,924.555,131.425,135.51,139.765,142.965,145.8,151.405,77.685,0.0,0.4763861,0.95277208,0.017190044,924.555,1,0,0.925683125,0.008825484,,,,,,,,,0.0,93787813.345,,0.0,93787813.345,,0.0,0.0,93787813.345,93787813.345,
,0.0,0.0,0.0,0.0,0.0,0.0,0.0,0.0,0.0,0.0,0.0,0.0,0.0,0.5,1,0,74.0,852.44,119.645,124.915,128.77,132.895,135.735,138.29,72.19,0.0,0.476614875,0.953229715,0.016864651,852.44,1,0,0.926770655,0.008769394,,,,,,,,,0.0,86667279.76,,0.0,86667279.76,,0.0,0.0,86667279.76,86667279.76,
,0.0,0.0,0.0,0.0,0.0,0.0,0.0,0.0,0.0,0.0,0.0,0.0,0.0,0.5,1,0,75.0,783.83,109.11,113.725,118.725,122.495,126.145,128.675,64.955,0.0,0.477324275,0.954648535,0.016292934,783.83,1,0,0.92695316,0.008491335,,,,,,,,,0.0,79927923.49000001,,0.0,79927923.49000001,,0.0,0.0,79927923.49000001,79927923.49000001,
,0.0,0.0,0.0,0.0,0.0,0.0,0.0,0.0,0.0,0.0,0.0,0.0,0.0,0.5,1,0,76.0,723.575,102.35,103.645,108.065,112.855,116.37,119.52,60.77,0.0,0.477656895,0.95531375,0.01620507,723.575,1,0,0.927415915,0.008639183,,,,,,,,,0.0,73866531.46000001,,0.0,73866531.46000001,,0.0,0.0,73866531.46000001,73866531.46000001,
,0.0,0.0,0.0,0.0,0.0,0.0,0.0,0.0,0.0,0.0,0.0,0.0,0.0,0.5,1,0,77.0,667.945,94.19,97.405,98.7,102.84,107.155,110.805,56.85,0.0,0.478069385,0.956138715,0.015802197,667.945,1,0,0.92737621,0.008719427,,,,,,,,,0.0,68154878.98,,0.0,68154878.98,,0.0,0.0,68154878.98,68154878.98,
,0.0,0.0,0.0,0.0,0.0,0.0,0.0,0.0,0.0,0.0,0.0,0.0,0.0,0.5,1,0,78.0,613.835,86.11,89.51,92.56,93.595,97.615,101.75,52.695,0.0,0.478588685,0.95717737,0.0159779,613.835,1,0,0.92803977,0.008646237,,,,,,,,,0.0,62580734.375,,0.0,62580734.375,,0.0,0.0,62580734.375,62580734.375,
,0.0,0.0,0.0,0.0,0.0,0.0,0.0,0.0,0.0,0.0,0.0,0.0,0.0,0.5,1,0,79.0,563.675,78.855,81.81,84.965,88.08,89.145,92.825,47.995,0.0,0.47927038,0.95854081,0.015595724,563.675,1,0,0.928012035,0.008529932,,,,,,,,,0.0,57473582.28,,0.0,57473582.28,,0.0,0.0,57473582.28,57473582.28,
,0.0,0.0,0.0,0.0,0.0,0.0,0.0,0.0,0.0,0.0,0.0,0.0,0.0,0.5,1,0,80.0,518.275,72.335,74.995,77.745,80.725,83.655,84.735,44.085,0.0,0.479351515,0.958703035,0.015486286,518.275,1,0,0.929740135,0.00850476,,,,,,,,,0.0,52928881.505,,0.0,52928881.505,,0.0,0.0,52928881.505,52928881.505,
,0.0,0.0,0.0,0.0,0.0,0.0,0.0,0.0,0.0,0.0,0.0,0.0,0.0,0.5,1,0,81.0,476.895,66.295,68.77,71.235,74.04,76.75,79.42,40.385,0.0,0.478639505,0.95727905,0.016225264,476.895,1,0,0.930843115,0.008369778,,,,,,,,,0.0,48816573.980000004,,0.0,48816573.980000004,,0.0,0.0,48816573.980000004,48816573.980000004,
,0.0,0.0,0.0,0.0,0.0,0.0,0.0,0.0,0.0,0.0,0.0,0.0,0.0,0.5,1,0,82.0,437.815,60.735,63.01,65.165,67.675,70.565,72.935,37.73,0.0,0.4782722,0.95654437,0.01671593,437.815,1,0,0.931389355,0.008432708,,,,,,,,,0.0,44887896.575,,0.0,44887896.575,,0.0,0.0,44887896.575,44887896.575,
,0.0,0.0,0.0,0.0,0.0,0.0,0.0,0.0,0.0,0.0,0.0,0.0,0.0,0.5,1,0,83.0,402.19,56.75,57.76,59.925,61.915,64.345,66.97,34.525,0.0,0.477679905,0.95535984,0.017237109,402.19,1,0,0.931862095,0.008474946,,,,,,,,,0.0,41111655.349999994,,0.0,41111655.349999994,,0.0,0.0,41111655.349999994,41111655.349999994,
,0.0,0.0,0.0,0.0,0.0,0.0,0.0,0.0,0.0,0.0,0.0,0.0,0.0,0.5,1,0,84.0,370.695,52.605,54.025,55.04,57.19,58.785,61.335,31.715,0.0,0.477725265,0.95545057,0.017488502,370.695,1,0,0.932872265,0.008331712,,,,,,,,,0.0,37755794.885,,0.0,37755794.885,,0.0,0.0,37755794.885,37755794.885,
,0.0,0.0,0.0,0.0,0.0,0.0,0.0,0.0,0.0,0.0,0.0,0.0,0.0,0.5,1,0,85.0,342.755,48.885,49.945,51.265,52.295,54.44,55.83,30.095,0.0,0.477682835,0.9553657,0.017854508,342.755,1,0,0.931095545,0.007744384,,,,,,,,,0.0,34863638.435,,0.0,34863638.435,,0.0,0.0,34863638.435,34863638.435,
,0.0,0.0,0.0,0.0,0.0,0.0,0.0,0.0,0.0,0.0,0.0,0.0,0.0,0.5,1,0,86.0,315.685,45.265,46.38,47.345,48.76,49.575,51.6,26.76,0.0,0.47739004,0.954780075,0.018288235,315.685,1,0,0.93193993,0.007839776,,,,,,,,,0.0,31987355.450000003,,0.0,31987355.450000003,,0.0,0.0,31987355.450000003,31987355.450000003,
,0.0,0.0,0.0,0.0,0.0,0.0,0.0,0.0,0.0,0.0,0.0,0.0,0.0,0.5,1,0,87.0,292.32,43.06,43.01,44.09,44.84,46.165,47.01,24.145,0.0,0.47781181,0.95562371,0.018656283,292.32,1,0,0.931474615,0.008025815,,,,,,,,,0.0,29416709.740000002,,0.0,29416709.740000002,,0.0,0.0,29416709.740000002,29416709.740000002,
,0.0,0.0,0.0,0.0,0.0,0.0,0.0,0.0,0.0,0.0,0.0,0.0,0.0,0.5,1,0,88.0,271.73,39.355,40.98,40.72,41.81,42.665,43.97,22.23,0.0,0.47842395,0.95684795,0.017585369,271.73,1,0,0.930034025,0.008198582,,,,,,,,,0.0,27334551.555,,0.0,27334551.555,,0.0,0.0,27334551.555,27334551.555,
,0.0,0.0,0.0,0.0,0.0,0.0,0.0,0.0,0.0,0.0,0.0,0.0,0.0,0.5,1,0,89.0,256.3181818,37.70707071,37.86868687,39.28787879,39.05555556,40.0959596,41.08585859,21.21717172,0.0,0.4792063,0.9584126,0.017194113,256.3181818,1,0,0.93052299,0.008890427,,,,,,,,,0.0,25737056.27528724,,0.0,25737056.27528724,,0.0,0.0,25737056.27528724,25737056.27528724,
,0.0,0.0,0.0,0.0,0.0,0.0,0.0,0.0,0.0,0.0,0.0,0.0,0.0,0.5,1,0,90.0,239.4242424,35.77272727,35.78282828,36.02020202,37.09090909,36.87878788,38.2020202,19.67676768,0.0,0.479705085,0.959410175,0.017713545,239.4242424,1,0,0.93044039,0.009619667,,,,,,,,,0.0,23942162.41935658,,0.0,23942162.41935658,,0.0,0.0,23942162.41935658,23942162.41935658,
,0.0,0.0,0.0,0.0,0.0,0.0,0.0,0.0,0.0,0.0,0.0,0.0,0.0,0.5,1,0,91.0,225.3350254,33.78172589,34.1928934,34.14213198,34.21827411,35.30964467,35.27918782,18.41116751,0.0,0.48073629,0.961472675,0.016109582,225.3350254,1,0,0.932112985,0.010042505,,,,,,,,,0.0,22443811.01501944,,0.0,22443811.01501944,,0.0,0.0,22443811.01501944,22443811.01501944,
,0.0,0.0,0.0,0.0,0.0,0.0,0.0,0.0,0.0,0.0,0.0,0.0,0.0,0.5,1,0,92.0,211.3502538,32.06091371,32.04568528,32.4822335,32.53807107,32.35025381,33.53807107,16.33502538,0.0,0.482820085,0.96564025,0.013743322,211.3502538,1,0,0.936297555,0.010356405,,,,,,,,,0.0,20940122.3008617,,0.0,20940122.3008617,,0.0,0.0,20940122.3008617,20940122.3008617,
,0.0,0.0,0.0,0.0,0.0,0.0,0.0,0.0,0.0,0.0,0.0,0.0,0.0,0.5,1,0,93.0,200.4081633,29.93877551,30.65306122,30.48469388,31.10714286,31.04081633,30.98469388,16.19897959,0.0,0.48424648,0.968492995,0.01348032,200.4081633,1,0,0.935293435,0.010392588,,,,,,,,,0.0,19909195.78674939,,0.0,19909195.78674939,,0.0,0.0,19909195.78674939,19909195.78674939,
,0.0,0.0,0.0,0.0,0.0,0.0,0.0,0.0,0.0,0.0,0.0,0.0,0.0,0.5,1,0,94.0,188.8112245,28.47959184,28.43877551,29.02040816,28.90306122,29.56632653,29.55612245,14.84693878,0.0,0.48449923,0.968998465,0.012844611,188.8112245,1,0,0.93465803,0.010284182,,,,,,,,,0.0,18758440.76026216,,0.0,18758440.76026216,,0.0,0.0,18758440.76026216,18758440.76026216,
,0.0,0.0,0.0,0.0,0.0,0.0,0.0,0.0,0.0,0.0,0.0,0.0,0.0,0.5,1,0,95.0,179.1128205,27.11282051,27.16410256,27.22051282,27.76410256,27.53846154,28.14871795,14.16410256,0.0,0.48514289,0.970285855,0.012108571,179.1128205,1,0,0.940824925,0.00719527,,,,,,,,,0.0,17774748.90675809,,0.0,17774748.90675809,,0.0,0.0,17774748.90675809,17774748.90675809,
,0.0,0.0,0.0,0.0,0.0,0.0,0.0,0.0,0.0,0.0,0.0,0.0,0.0,0.5,1,0,96.0,169.8601036,25.0,26.06217617,26.15025907,26.1865285,26.68393782,26.41450777,13.3626943,0.0,0.484693135,0.96938627,0.012925395,169.8601036,1,0,0.94150429,0.007271021,,,,,,,,,0.0,16895148.683558993,,0.0,16895148.683558993,,0.0,0.0,16895148.683558993,16895148.683558993,
,0.0,0.0,0.0,0.0,0.0,0.0,0.0,0.0,0.0,0.0,0.0,0.0,0.0,0.5,1,0,97.0,164.5291005,25.15343915,24.26455026,25.33333333,25.38095238,25.33333333,25.93121693,13.13227513,0.0,0.485974585,0.971949215,0.011381566,164.5291005,1,0,0.938491925,0.007584441,,,,,,,,,0.0,16357139.675624661,,0.0,16357139.675624661,,0.0,0.0,16357139.675624661,16357139.675624661,
,0.0,0.0,0.0,0.0,0.0,0.0,0.0,0.0,0.0,0.0,0.0,0.0,0.0,0.5,1,0,98.0,159.2594595,24.63243243,24.4972973,23.63783784,24.53513514,24.68108108,24.62702703,12.64864865,0.0,0.48605472,0.97210948,0.010676222,159.2594595,1,0,0.941453575,0.007082919,,,,,,,,,0.0,15732016.47164293,,0.0,15732016.47164293,,0.0,0.0,15732016.47164293,15732016.47164293,
,0.0,0.0,0.0,0.0,0.0,0.0,0.0,0.0,0.0,0.0,0.0,0.0,0.0,0.5,1,0,99.0,153.6243094,22.83425414,23.96685083,23.81767956,22.95027624,23.9558011,23.99447514,12.10497238,0.0,0.486632975,0.973265955,0.010080052,153.6243094,1,0,0.936600015,0.008702341,,,,,,,,,0.0,15207594.74036378,,0.0,15207594.74036378,,0.0,0.0,15207594.74036378,15207594.74036378,
,0.0,0.0,0.0,0.0,0.0,0.0,0.0,0.0,0.0,0.0,0.0,0.0,0.0,0.5,1,0,100.0,149.6685714,22.4,22.31428571,23.52,23.37142857,22.60571429,23.54857143,11.90857143,0.0,0.487537795,0.9750756,0.00880397,149.6685714,1,0,0.938295925,0.007168174,,,,,,,,,0.0,14871180.92655315,,0.0,14871180.92655315,,0.0,0.0,14871180.92655315,14871180.92655315,
,0.0,0.0,0.0,0.0,0.0,0.0,0.0,0.0,0.0,0.0,0.0,0.0,0.0,0.5,1,0,101.0,146.952381,22.0952381,22.29166667,22.25595238,23.1547619,23.18452381,22.36309524,11.60714286,0.0,0.488550125,0.977100275,0.008615417,146.952381,1,0,0.94603075,0.006539483,,,,,,,,,0.0,14591230.292013641,,0.0,14591230.292013641,,0.0,0.0,14591230.292013641,14591230.292013641,
,0.0,0.0,0.0,0.0,0.0,0.0,0.0,0.0,0.0,0.0,0.0,0.0,0.0,0.5,1,0,102.0,141.0545455,20.90909091,21.30909091,21.53333333,21.75151515,22.38787879,22.2969697,10.86666667,0.0,0.48847701,0.976954005,0.008806169,141.0545455,1,0,0.95096545,0.006407212,,,,,,,,,0.0,14065730.873722348,,0.0,14065730.873722348,,0.0,0.0,14065730.873722348,14065730.873722348,
,0.0,0.0,0.0,0.0,0.0,0.0,0.0,0.0,0.0,0.0,0.0,0.0,0.0,0.5,1,0,103.0,137.0,20.85093168,20.42857143,20.68322981,21.02484472,21.22360248,21.92546584,10.86335404,0.0,0.488256345,0.97651272,0.009324699,137.0,1,0,0.955973745,0.004508406,,,,,,,,,0.0,13645308.285469828,,0.0,13645308.285469828,,0.0,0.0,13645308.285469828,13645308.285469828,
,0.0,0.0,0.0,0.0,0.0,0.0,0.0,0.0,0.0,0.0,0.0,0.0,0.0,0.5,1,0,104.0,131.8544304,20.24683544,20.31012658,19.83544304,19.93670886,20.36708861,20.62025316,10.53797468,0.0,0.48951504,0.979030045,0.008795007,131.8544304,1,0,0.95867366,0.003789123,,,,,,,,,0.0,13035764.473662999,,0.0,13035764.473662999,,0.0,0.0,13035764.473662999,13035764.473662999,
,0.0,0.0,0.0,0.0,0.0,0.0,0.0,0.0,0.0,0.0,0.0,0.0,0.0,0.5,1,0,105.0,131.0331126,20.58940397,20.18543046,20.17880795,19.8410596,19.60264901,20.36423841,10.27152318,0.0,0.48937175,0.97874354,0.009862084,131.0331126,1,0,0.96016245,0.004573081,,,,,,,,,0.0,12842742.31825796,,0.0,12842742.31825796,,0.0,0.0,12842742.31825796,12842742.31825796,
,0.0,0.0,0.0,0.0,0.0,0.0,0.0,0.0,0.0,0.0,0.0,0.0,0.0,0.5,1,0,106.0,129.109589,20.70547945,20.15068493,19.84246575,19.8630137,19.43835616,19.15753425,9.952054795,0.0,0.49015229,0.980304615,0.008872581,129.109589,1,0,0.959617615,0.006356348,,,,,,,,,0.0,12541980.20530898,,0.0,12541980.20530898,,0.0,0.0,12541980.20530898,12541980.20530898,
,0.0,0.0,0.0,0.0,0.0,0.0,0.0,0.0,0.0,0.0,0.0,0.0,0.0,0.5,1,0,107.0,125.2847222,19.72916667,19.97222222,19.375,19.19444444,19.02083333,18.75,9.243055556,0.0,0.49138502,0.98277007,0.007119451,125.2847222,1,0,0.962529045,0.005307472,,,,,,,,,0.0,12159082.422582546,,0.0,12159082.422582546,,0.0,0.0,12159082.422582546,12159082.422582546,
,0.0,0.0,0.0,0.0,0.0,0.0,0.0,0.0,0.0,0.0,0.0,0.0,0.0,0.5,1,0,108.0,125.9854015,19.77372263,19.68613139,19.93430657,19.53284672,19.11678832,18.93430657,9.00729927,0.0,0.491626385,0.98325282,0.007145118,125.9854015,1,0,0.964587895,0.005662354,,,,,,,,,0.0,12239679.38751778,,0.0,12239679.38751778,,0.0,0.0,12239679.38751778,12239679.38751778,
,0.0,0.0,0.0,0.0,0.0,0.0,0.0,0.0,0.0,0.0,0.0,0.0,0.0,0.5,1,0,109.0,124.7894737,19.76691729,19.17293233,19.31578947,19.4887218,19.12030075,18.70676692,9.218045113,0.0,0.491300005,0.982600085,0.007138171,124.7894737,1,0,0.967838685,0.006209217,,,,,,,,,0.0,12172769.187280947,,0.0,12172769.187280947,,0.0,0.0,12172769.187280947,12172769.187280947,
,0.0,0.0,0.0,0.0,0.0,0.0,0.0,0.0,0.0,0.0,0.0,0.0,0.0,0.5,1,0,110.0,131.6416667,20.2,20.74166667,20.19166667,20.35,20.4,20.19166667,9.566666667,0.0,0.49128156,0.982563175,0.00659666,131.6416667,1,0,0.969466475,0.004575001,,,,,,,,,0.0,12895440.292613262,,0.0,12895440.292613262,,0.0,0.0,12895440.292613262,12895440.292613262,
,0.0,0.0,0.0,0.0,0.0,0.0,0.0,0.0,0.0,0.0,0.0,0.0,0.0,0.5,1,0,111.0,133.2212389,20.91150442,20.28318584,20.87610619,20.33628319,20.46017699,20.49557522,9.85840708,0.0,0.491415125,0.982830235,0.006282142,133.2212389,1,0,0.971059325,0.004124487,,,,,,,,,0.0,13045548.65465784,,0.0,13045548.65465784,,0.0,0.0,13045548.65465784,13045548.65465784,
,0.0,0.0,0.0,0.0,0.0,0.0,0.0,0.0,0.0,0.0,0.0,0.0,0.0,0.5,1,0,112.0,135.8396226,21.37735849,21.17924528,20.51886792,21.24528302,20.50943396,20.59433962,10.41509434,0.0,0.490696395,0.981392765,0.006771341,135.8396226,1,0,0.97265767,0.004793169,,,,,,,,,0.0,13280725.61220335,,0.0,13280725.61220335,,0.0,0.0,13280725.61220335,13280725.61220335,
,0.0,0.0,0.0,0.0,0.0,0.0,0.0,0.0,0.0,0.0,0.0,0.0,0.0,0.5,1,0,113.0,139.6938776,21.52040816,21.97959184,21.70408163,21.07142857,21.80612245,21.0,10.6122449,0.0,0.48984032,0.979680645,0.007345346,139.6938776,1,0,0.970103035,0.005215967,,,,,,,,,0.0,13670601.76550204,,0.0,13670601.76550204,,0.0,0.0,13670601.76550204,13670601.76550204,
,0.0,0.0,0.0,0.0,0.0,0.0,0.0,0.0,0.0,0.0,0.0,0.0,0.0,0.5,1,0,114.0,141.1521739,21.40217391,21.92391304,22.10869565,21.97826087,21.34782609,21.95652174,10.43478261,0.0,0.48889703,0.97779406,0.008272059,141.1521739,1,0,0.96951314,0.005712967,,,,,,,,,0.0,13867901.31582067,,0.0,13867901.31582067,,0.0,0.0,13867901.31582067,13867901.31582067,
,0.0,0.0,0.0,0.0,0.0,0.0,0.0,0.0,0.0,0.0,0.0,0.0,0.0,0.5,1,0,115.0,143.3103448,23.1954023,21.20689655,22.02298851,22.33333333,22.10344828,21.45977011,10.98850575,0.0,0.48843245,0.976864875,0.009686248,143.3103448,1,0,0.973025625,0.003365896,,,,,,,,,0.0,14029396.49441436,,0.0,14029396.49441436,,0.0,0.0,14029396.49441436,14029396.49441436,
,0.0,0.0,0.0,0.0,0.0,0.0,0.0,0.0,0.0,0.0,0.0,0.0,0.0,0.5,1,0,116.0,143.6144578,22.19277108,22.96385542,21.06024096,22.01204819,22.3373494,22.08433735,10.96385542,0.0,0.490913205,0.98182645,0.005271823,143.6144578,1,0,0.972569785,0.002974385,,,,,,,,,0.0,14096317.98742619,,0.0,14096317.98742619,,0.0,0.0,14096317.98742619,14096317.98742619,
,0.0,0.0,0.0,0.0,0.0,0.0,0.0,0.0,0.0,0.0,0.0,0.0,0.0,0.5,1,0,117.0,149.8947368,24.09210526,22.69736842,23.60526316,21.96052632,22.65789474,23.35526316,11.52631579,0.0,0.491337755,0.982675495,0.004977522,149.8947368,1,0,0.972835575,0.00348201,,,,,,,,,0.0,14639300.8173345,,0.0,14639300.8173345,,0.0,0.0,14639300.8173345,14639300.8173345,
,0.0,0.0,0.0,0.0,0.0,0.0,0.0,0.0,0.0,0.0,0.0,0.0,0.0,0.5,1,0,118.0,149.1643836,24.26027397,23.67123288,22.52054795,23.43835616,21.71232877,22.39726027,11.16438356,0.0,0.49165638,0.983312765,0.005064303,149.1643836,1,0,0.97402709,0.002838876,,,,,,,,,0.0,14408205.7528086,,0.0,14408205.7528086,,0.0,0.0,14408205.7528086,14408205.7528086,
,0.0,0.0,0.0,0.0,0.0,0.0,0.0,0.0,0.0,0.0,0.0,0.0,0.0,0.5,1,0,119.0,153.1617647,24.29411765,24.73529412,23.80882353,23.04411765,23.79411765,22.0,11.48529412,0.0,0.49228843,0.984576845,0.004940718,153.1617647,1,0,0.974072665,0.002871242,,,,,,,,,0.0,14794136.70723775,,0.0,14794136.70723775,,0.0,0.0,14794136.70723775,14794136.70723775,
,0.0,0.0,0.0,0.0,0.0,0.0,0.0,0.0,0.0,0.0,0.0,0.0,0.0,0.5,1,0,120.0,156.875,25.3125,24.5,24.6875,24.15625,23.0625,24.109375,11.046875,0.0,0.492771235,0.98554248,0.004851132,156.875,1,0,0.97590954,0.001905195,,,,,,,,,0.0,15161040.78125,,0.0,15161040.78125,,0.0,0.0,15161040.78125,15161040.78125,
,0.0,0.0,0.0,0.0,0.0,0.0,0.0,0.0,0.0,0.0,0.0,0.0,0.0,0.5,1,0,121.0,152.703125,25.46875,23.9375,23.421875,23.734375,23.0,21.828125,11.3125,0.0,0.493451235,0.986902475,0.005133746,152.703125,1,0,0.97631943,0.0019569,,,,,,,,,0.0,14659113.71875,,0.0,14659113.71875,,0.0,0.0,14659113.71875,14659113.71875,
,0.0,0.0,0.0,0.0,0.0,0.0,0.0,0.0,0.0,0.0,0.0,0.0,0.0,0.5,1,0,122.0,154.2096774,26.5,24.74193548,23.48387097,22.87096774,23.17741935,22.5483871,10.88709677,0.0,0.49372581,0.987451665,0.005289013,154.2096774,1,0,0.977987475,0.001704623,,,,,,,,,0.0,14663297.01501859,,0.0,14663297.01501859,,0.0,0.0,14663297.01501859,14663297.01501859,
,0.0,0.0,0.0,0.0,0.0,0.0,0.0,0.0,0.0,0.0,0.0,0.0,0.0,0.5,1,0,123.0,152.8032787,26.32786885,25.39344262,23.80327869,22.55737705,22.1147541,22.13114754,10.47540984,0.0,0.49427953,0.988559045,0.004974799,152.8032787,1,0,0.979037735,0.001857836,,,,,,,,,0.0,14361802.36151293,,0.0,14361802.36151293,,0.0,0.0,14361802.36151293,14361802.36151293,
,0.0,0.0,0.0,0.0,0.0,0.0,0.0,0.0,0.0,0.0,0.0,0.0,0.0,0.5,1,0,124.0,161.9107143,26.67857143,26.89285714,26.125,24.625,23.51785714,22.91071429,11.16071429,0.0,0.49450376,0.989007555,0.005035706,161.9107143,1,0,0.9808023,0.001808113,,,,,,,,,0.0,15296453.858064108,,0.0,15296453.858064108,,0.0,0.0,15296453.858064108,15296453.858064108,
,0.0,0.0,0.0,0.0,0.0,0.0,0.0,0.0,0.0,0.0,0.0,0.0,0.0,0.5,1,0,125.0,163.7592593,26.66666667,26.2962963,26.37037037,25.7962963,24.38888889,23.14814815,11.09259259,0.0,0.494345725,0.988691485,0.005427332,163.7592593,1,0,0.98220931,0.001664286,,,,,,,,,0.0,15605507.167278662,,0.0,15605507.167278662,,0.0,0.0,15605507.167278662,15605507.167278662,
,0.0,0.0,0.0,0.0,0.0,0.0,0.0,0.0,0.0,0.0,0.0,0.0,0.0,0.5,1,0,126.0,164.2641509,27.69811321,25.73584906,25.60377358,25.47169811,25.0,23.45283019,11.30188679,0.0,0.49480839,0.989616765,0.004759768,164.2641509,1,0,0.98312416,0.002712085,,,,,,,,,0.0,15682619.07463942,,0.0,15682619.07463942,,0.0,0.0,15682619.07463942,15682619.07463942,
,0.0,0.0,0.0,0.0,0.0,0.0,0.0,0.0,0.0,0.0,0.0,0.0,0.0,0.5,1,0,127.0,171.46,28.24,28.2,26.12,26.0,25.78,25.1,12.02,0.0,0.494818045,0.98963612,0.004868604,171.46,1,0,0.98425095,0.002439096,,,,,,,,,0.0,16376318.16,,0.0,16376318.16,,0.0,0.0,16376318.16,16376318.16,
,0.0,0.0,0.0,0.0,0.0,0.0,0.0,0.0,0.0,0.0,0.0,0.0,0.0,0.5,1,0,128.0,175.5416667,29.41666667,27.89583333,27.79166667,26.20833333,25.5625,25.52083333,13.14583333,0.0,0.495092435,0.990184865,0.004849203,175.5416667,1,0,0.983637615,0.002866273,,,,,,,,,0.0,16751722.623646729,,0.0,16751722.623646729,,0.0,0.0,16751722.623646729,16751722.623646729,
,0.0,0.0,0.0,0.0,0.0,0.0,0.0,0.0,0.0,0.0,0.0,0.0,0.0,0.5,1,0,129.0,177.5957447,31.9787234,28.5106383,26.87234043,27.23404255,25.72340426,24.85106383,12.42553191,0.0,0.495605225,0.991210435,0.003984144,177.5957447,1,0,0.984278045,0.003721821,,,,,,,,,0.0,16645760.97860732,,0.0,16645760.97860732,,0.0,0.0,16645760.97860732,16645760.97860732,
,0.0,0.0,0.0,0.0,0.0,0.0,0.0,0.0,0.0,0.0,0.0,0.0,0.0,0.5,1,0,130.0,193.7857143,31.38095238,33.92857143,30.23809524,28.54761905,29.0,27.54761905,13.14285714,0.0,0.49583245,0.991664895,0.00369524,193.7857143,1,0,0.98514865,0.00449492,,,,,,,,,0.0,18279250.738475148,,0.0,18279250.738475148,,0.0,0.0,18279250.738475148,18279250.738475148,
,0.0,0.0,0.0,0.0,0.0,0.0,0.0,0.0,0.0,0.0,0.0,0.0,0.0,0.5,1,0,131.0,202.85,36.65,31.1,33.775,29.95,28.475,28.975,13.925,0.0,0.495726215,0.991452435,0.004250707,202.85,1,0,0.984893075,0.005104757,,,,,,,,,0.0,18964184.075,,0.0,18964184.075,,0.0,0.0,18964184.075,18964184.075,
,0.0,0.0,0.0,0.0,0.0,0.0,0.0,0.0,0.0,0.0,0.0,0.0,0.0,0.5,1,0,132.0,210.8947368,37.39473684,36.57894737,30.97368421,33.65789474,29.89473684,28.05263158,14.34210526,0.0,0.496479665,0.992959315,0.002978853,210.8947368,1,0,0.98774117,0.002720661,,,,,,,,,0.0,19524180.815487087,,0.0,19524180.815487087,,0.0,0.0,19524180.815487087,19524180.815487087,
,0.0,0.0,0.0,0.0,0.0,0.0,0.0,0.0,0.0,0.0,0.0,0.0,0.0,0.5,1,0,133.0,224.2222222,41.16666667,37.13888889,36.69444444,30.63888889,33.75,30.19444444,14.63888889,0.0,0.496474005,0.992947995,0.002898765,224.2222222,1,0,0.988888555,0.002376797,,,,,,,,,0.0,20615001.49932872,,0.0,20615001.49932872,,0.0,0.0,20615001.49932872,20615001.49932872,
,0.0,0.0,0.0,0.0,0.0,0.0,0.0,0.0,0.0,0.0,0.0,0.0,0.0,0.5,1,0,134.0,240.7352941,44.11764706,41.67647059,37.14705882,37.14705882,30.88235294,34.38235294,15.38235294,0.0,0.49625145,0.9925029,0.003176953,240.7352941,1,0,0.98968652,0.002004071,,,,,,,,,0.0,21991312.116436504,,0.0,21991312.116436504,,0.0,0.0,21991312.116436504,21991312.116436504,
,0.0,0.0,0.0,0.0,0.0,0.0,0.0,0.0,0.0,0.0,0.0,0.0,0.0,0.5,1,0,135.0,249.3636364,46.15151515,43.0,40.6969697,36.12121212,36.33333333,30.12121212,16.93939394,0.0,0.49645663,0.992913265,0.002983219,249.3636364,1,0,0.989222705,0.002234034,,,,,,,,,0.0,22578597.75701779,,0.0,22578597.75701779,,0.0,0.0,22578597.75701779,22578597.75701779,
,0.0,0.0,0.0,0.0,0.0,0.0,0.0,0.0,0.0,0.0,0.0,0.0,0.0,0.5,1,0,136.0,264.84375,52.96875,44.8125,42.0625,39.75,34.90625,35.3125,15.03125,0.0,0.496531985,0.993063935,0.003112887,264.84375,1,0,0.98908623,0.001853903,,,,,,,,,0.0,23560021.71875,,0.0,23560021.71875,,0.0,0.0,23560021.71875,23560021.71875,
,0.0,0.0,0.0,0.0,0.0,0.0,0.0,0.0,0.0,0.0,0.0,0.0,0.0,0.5,1,0,137.0,304.3793103,61.20689655,54.62068966,46.86206897,44.13793103,41.37931034,36.62068966,19.55172414,0.0,0.49677254,0.993545095,0.002809853,304.3793103,1,0,0.989714685,0.001668659,,,,,,,,,0.0,26792906.069258332,,0.0,26792906.069258332,,0.0,0.0,26792906.069258332,26792906.069258332,
,0.0,0.0,0.0,0.0,0.0,0.0,0.0,0.0,0.0,0.0,0.0,0.0,0.0,0.5,1,0,138.0,318.9310345,66.4137931,57.55172414,51.72413793,44.34482759,41.72413793,39.44827586,17.72413793,0.0,0.496936085,0.993872205,0.002544174,318.9310345,1,0,0.98852737,0.001962495,,,,,,,,,0.0,27516516.6894043,,0.0,27516516.6894043,,0.0,0.0,27516516.6894043,27516516.6894043,
,0.0,0.0,0.0,0.0,0.0,0.0,0.0,0.0,0.0,0.0,0.0,0.0,0.0,0.5,1,0,139.0,347.5714286,71.92857143,64.10714286,56.14285714,50.71428571,44.07142857,41.10714286,19.5,0.0,0.4968642,0.993728405,0.002651713,347.5714286,1,0,0.98766108,0.002057305,,,,,,,,,0.0,29807366.356747903,,0.0,29807366.356747903,,0.0,0.0,29807366.356747903,29807366.356747903,
,0.0,0.0,0.0,0.0,0.0,0.0,0.0,0.0,0.0,0.0,0.0,0.0,0.0,0.5,1,0,140.0,361.4285714,73.39285714,64.71428571,60.57142857,53.42857143,48.28571429,41.67857143,19.35714286,0.0,0.497077965,0.99415593,0.002296777,361.4285714,1,0,0.987588135,0.001458314,,,,,,,,,0.0,31220754.6798779,,0.0,31220754.6798779,,0.0,0.0,31220754.6798779,31220754.6798779,
,0.0,0.0,0.0,0.0,0.0,0.0,0.0,0.0,0.0,0.0,0.0,0.0,0.0,0.5,1,0,141.0,393.2592593,80.77777778,67.81481481,63.07407407,59.37037037,53.07407407,47.92592593,21.22222222,0.0,0.497291975,0.99458396,0.002054131,393.2592593,1,0,0.98831775,0.001404788,,,,,,,,,0.0,34388175.6658745,,0.0,34388175.6658745,,0.0,0.0,34388175.6658745,34388175.6658745,
,0.0,0.0,0.0,0.0,0.0,0.0,0.0,0.0,0.0,0.0,0.0,0.0,0.0,0.5,1,0,142.0,442.44,93.44,75.6,69.0,64.6,60.56,54.6,24.64,0.0,0.49734437,0.99468874,0.001896708,442.44,1,0,0.986803205,0.001333997,,,,,,,,,0.0,38648005.2,,0.0,38648005.2,,0.0,0.0,38648005.2,38648005.2,
,0.0,0.0,0.0,0.0,0.0,0.0,0.0,0.0,0.0,0.0,0.0,0.0,0.0,0.5,1,0,143.0,505.2608696,110.5652174,86.56521739,78.13043478,71.60869565,66.69565217,62.7826087,28.91304348,0.0,0.4973938,0.994787615,0.001686311,505.2608696,1,0,0.990533585,0.001140243,,,,,,,,,0.0,43679518.47824837,,0.0,43679518.47824837,,0.0,0.0,43679518.47824837,43679518.47824837,
,0.0,0.0,0.0,0.0,0.0,0.0,0.0,0.0,0.0,0.0,0.0,0.0,0.0,0.5,1,0,144.0,600.8,129.2,107.9,94.25,85.1,78.5,73.6,32.25,0.0,0.49727869,0.994557365,0.001657943,600.8,1,0,0.992264365,0.000979844,,,,,,,,,0.0,51494596.85,,0.0,51494596.85,,0.0,0.0,51494596.85,51494596.85,
,0.0,0.0,0.0,0.0,0.0,0.0,0.0,0.0,0.0,0.0,0.0,0.0,0.0,0.5,1,0,145.0,651.5263158,136.5263158,112.3157895,107.6842105,94.15789474,85.26315789,78.42105263,37.15789474,0.0,0.49745396,0.99490792,0.001455387,651.5263158,1,0,0.99209591,0.000916083,,,,,,,,,0.0,56466082.57781703,,0.0,56466082.57781703,,0.0,0.0,56466082.57781703,56466082.57781703,
,0.0,0.0,0.0,0.0,0.0,0.0,0.0,0.0,0.0,0.0,0.0,0.0,0.0,0.5,1,0,146.0,661.0,131.6842105,110.5263158,106.3684211,103.0,89.84210526,81.10526316,38.47368421,0.0,0.49779025,0.995580505,0.001289359,661.0,1,0,0.992072655,0.000870743,,,,,,,,,0.0,58751879.16118084,,0.0,58751879.16118084,,0.0,0.0,58751879.16118084,58751879.16118084,
,0.0,0.0,0.0,0.0,0.0,0.0,0.0,0.0,0.0,0.0,0.0,0.0,0.0,0.5,1,0,147.0,710.6666667,148.8888889,111.7222222,110.6666667,106.3888889,103.4444444,89.66666667,39.88888889,0.0,0.49791172,0.99582345,0.001234789,710.6666667,1,0,0.99199355,0.000915344,,,,,,,,,0.0,63435102.83046902,,0.0,63435102.83046902,,0.0,0.0,63435102.83046902,63435102.83046902,
,0.0,0.0,0.0,0.0,0.0,0.0,0.0,0.0,0.0,0.0,0.0,0.0,0.0,0.5,1,0,148.0,766.6470588,157.8235294,127.8823529,112.1176471,111.1764706,107.4705882,104.0,46.17647059,0.0,0.49800697,0.996013915,0.001174241,766.6470588,1,0,0.9917457,0.000819823,,,,,,,,,0.0,68739055.58624613,,0.0,68739055.58624613,,0.0,0.0,68739055.58624613,68739055.58624613,
,0.0,0.0,0.0,0.0,0.0,0.0,0.0,0.0,0.0,0.0,0.0,0.0,0.0,0.5,1,0,149.0,772.9411765,161.0,128.2941176,120.5294118,106.1764706,105.4705882,102.5294118,48.94117647,0.0,0.49814917,0.996298345,0.001202021,772.9411765,1,0,0.991108615,0.000610493,,,,,,,,,0.0,68682231.23825772,,0.0,68682231.23825772,,0.0,0.0,68682231.23825772,68682231.23825772,
,0.0,0.0,0.0,0.0,0.0,0.0,0.0,0.0,0.0,0.0,0.0,0.0,0.0,0.5,1,0,150.0,818.8125,162.3125,137.1875,128.625,121.5,107.5625,107.3125,54.3125,0.0,0.49828452,0.996569025,0.001149341,818.8125,1,0,0.98878641,0.000651547,,,,,,,,,0.0,73470679.8125,,0.0,73470679.8125,,0.0,0.0,73470679.8125,73470679.8125,
,0.0,0.0,0.0,0.0,0.0,0.0,0.0,0.0,0.0,0.0,0.0,0.0,0.0,0.5,1,0,151.0,805.0,153.625,131.25,128.8125,121.5625,116.3125,101.6875,51.75,0.0,0.498306455,0.996612925,0.001146627,805.0,1,0,0.992625065,0.000677707,,,,,,,,,0.0,73233024.0,,0.0,73233024.0,,0.0,0.0,73233024.0,73233024.0,
,0.0,0.0,0.0,0.0,0.0,0.0,0.0,0.0,0.0,0.0,0.0,0.0,0.0,0.5,1,0,152.0,849.0666667,160.2,136.0,131.5333333,130.2666667,122.8,118.2666667,50.0,0.0,0.498320915,0.99664183,0.001167461,849.0666667,1,0,0.993404825,0.000484493,,,,,,,,,0.0,78163719.2072458,,0.0,78163719.2072458,,0.0,0.0,78163719.2072458,78163719.2072458,
,0.0,0.0,0.0,0.0,0.0,0.0,0.0,0.0,0.0,0.0,0.0,0.0,0.0,0.5,1,0,153.0,841.0,156.7333333,132.8666667,128.4666667,126.5333333,123.4,117.6666667,55.33333333,0.0,0.498445625,0.99689126,0.001009245,841.0,1,0,0.994985795,0.000493956,,,,,,,,,0.0,78247496.27055497,,0.0,78247496.27055497,,0.0,0.0,78247496.27055497,78247496.27055497,
,0.0,0.0,0.0,0.0,0.0,0.0,0.0,0.0,0.0,0.0,0.0,0.0,0.0,0.5,1,0,154.0,844.0666667,171.5333333,132.0,124.5333333,122.5333333,119.8,118.3333333,55.33333333,0.0,0.49852549,0.99705097,0.000886509,844.0666667,1,0,0.995197885,0.000472238,,,,,,,,,0.0,77123883.78704159,,0.0,77123883.78704159,,0.0,0.0,77123883.78704159,77123883.78704159,
,0.0,0.0,0.0,0.0,0.0,0.0,0.0,0.0,0.0,0.0,0.0,0.0,0.0,0.5,1,0,155.0,839.7333333,163.2,146.0,124.8666667,117.8666667,116.4666667,113.7333333,57.6,0.0,0.498543235,0.997086465,0.000828783,839.7333333,1,0,0.995159735,0.000445433,,,,,,,,,0.0,76000796.339551,,0.0,76000796.339551,,0.0,0.0,76000796.339551,76000796.339551,
,0.0,0.0,0.0,0.0,0.0,0.0,0.0,0.0,0.0,0.0,0.0,0.0,0.0,0.5,1,0,156.0,837.7333333,160.6666667,142.6,137.9333333,119.6,112.0666667,111.0,53.86666667,0.0,0.498352735,0.99670548,0.001126206,837.7333333,1,0,0.99551384,0.000396082,,,,,,,,,0.0,75284192.87025692,,0.0,75284192.87025692,,0.0,0.0,75284192.87025692,75284192.87025692,
,0.0,0.0,0.0,0.0,0.0,0.0,0.0,0.0,0.0,0.0,0.0,0.0,0.0,0.5,1,0,157.0,832.1333333,151.2666667,142.6666667,134.3333333,130.5333333,114.0,105.9333333,53.4,0.0,0.498275775,0.996551555,0.001359597,832.1333333,1,0,0.995474365,0.000490513,,,,,,,,,0.0,75684121.5891611,,0.0,75684121.5891611,,0.0,0.0,75684121.5891611,75684121.5891611,
,0.0,0.0,0.0,0.0,0.0,0.0,0.0,0.0,0.0,0.0,0.0,0.0,0.0,0.5,1,0,158.0,966.0,178.3846154,155.6923077,156.5384615,146.8461538,143.0,126.0,59.53846154,0.0,0.49813102,0.996262035,0.001296857,966.0,1,0,0.99559015,0.000506617,,,,,,,,,0.0,88793445.76129875,,0.0,88793445.76129875,,0.0,0.0,88793445.76129875,88793445.76129875,
,0.0,0.0,0.0,0.0,0.0,0.0,0.0,0.0,0.0,0.0,0.0,0.0,0.0,0.5,1,0,159.0,1049.25,192.0,170.5,160.8333333,161.25,151.0,147.4166667,66.25,0.0,0.498037505,0.99607501,0.001468078,1049.25,1,0,0.995408115,0.000441844,,,,,,,,,0.0,97364320.4197583,,0.0,97364320.4197583,,0.0,0.0,97364320.4197583,97364320.4197583,
,0.0,0.0,0.0,0.0,0.0,0.0,0.0,0.0,0.0,0.0,0.0,0.0,0.0,0.5,1,0,160.0,1049.75,194.5,171.6666667,161.6666667,152.4166667,154.5833333,144.5833333,70.33333333,0.0,0.497816735,0.995633455,0.0017142,1049.75,1,0,0.99547625,0.000507994,,,,,,,,,0.0,97154378.41297168,,0.0,97154378.41297168,,0.0,0.0,97154378.41297168,97154378.41297168,
,0.0,0.0,0.0,0.0,0.0,0.0,0.0,0.0,0.0,0.0,0.0,0.0,0.0,0.5,1,0,161.0,1047.333333,195.4166667,174.75,164.25,153.0,144.1666667,148.5833333,67.16666667,0.0,0.49765175,0.9953035,0.001846215,1047.333333,1,0,0.99540367,0.000664092,,,,,,,,,0.0,96028820.50049862,,0.0,96028820.50049862,,0.0,0.0,96028820.50049862,96028820.50049862,
,0.0,0.0,0.0,0.0,0.0,0.0,0.0,0.0,0.0,0.0,0.0,0.0,0.0,0.5,1,0,162.0,1145.0,213.7272727,195.0,182.1818182,170.4545455,157.6363636,149.4545455,76.54545455,0.0,0.49827758,0.996555175,0.000730863,1145.0,1,0,0.9938467,0.000724044,,,,,,,,,0.0,104066372.9185018,,0.0,104066372.9185018,,0.0,0.0,104066372.9185018,104066372.9185018,
,0.0,0.0,0.0,0.0,0.0,0.0,0.0,0.0,0.0,0.0,0.0,0.0,0.0,0.5,1,0,163.0,1273.3,239.2,215.6,204.3,190.2,178.2,164.6,81.2,0.0,0.498452765,0.996905525,0.000518568,1273.3,1,0,0.994601205,0.000611795,,,,,,,,,0.0,115430887.89999999,,0.0,115430887.89999999,,0.0,0.0,115430887.89999999,115430887.89999999,
,0.0,0.0,0.0,0.0,0.0,0.0,0.0,0.0,0.0,0.0,0.0,0.0,0.0,0.5,1,0,164.0,1289.5,240.7,218.9,205.2,194.7,179.8,170.3,79.9,0.0,0.49870662,0.99741324,0.000499149,1289.5,1,0,0.994010595,0.000562905,,,,,,,,,0.0,117137231.00000001,,0.0,117137231.00000001,,0.0,0.0,117137231.00000001,117137231.00000001,
,0.0,0.0,0.0,0.0,0.0,0.0,0.0,0.0,0.0,0.0,0.0,0.0,0.0,0.5,1,0,165.0,1434.666667,255.2222222,246.7777778,229.6666667,217.8888889,205.8888889,189.3333333,89.88888889,0.0,0.49879197,0.99758394,0.000453464,1434.666667,1,0,0.99346077,0.000427041,,,,,,,,,0.0,131611626.33397345,,0.0,131611626.33397345,,0.0,0.0,131611626.33397345,131611626.33397345,
,0.0,0.0,0.0,0.0,0.0,0.0,0.0,0.0,0.0,0.0,0.0,0.0,0.0,0.5,1,0,166.0,1431.444444,247.6666667,235.1111111,234.5555556,218.6666667,207.5555556,196.6666667,91.22222222,0.0,0.498758295,0.99751659,0.00050317,1431.444444,1,0,0.994775155,0.000331643,,,,,,,,,0.0,133357261.57493852,,0.0,133357261.57493852,,0.0,0.0,133357261.57493852,133357261.57493852,
,0.0,0.0,0.0,0.0,0.0,0.0,0.0,0.0,0.0,0.0,0.0,0.0,0.0,0.5,1,0,167.0,1426.555556,259.3333333,225.5555556,224.6666667,223.7777778,207.3333333,196.1111111,89.77777778,0.0,0.49887161,0.99774323,0.000508689,1426.555556,1,0,0.99520612,0.000275196,,,,,,,,,0.0,132733699.33289106,,0.0,132733699.33289106,,0.0,0.0,132733699.33289106,132733699.33289106,
,0.0,0.0,0.0,0.0,0.0,0.0,0.0,0.0,0.0,0.0,0.0,0.0,0.0,0.5,1,0,168.0,1415.111111,248.0,239.0,214.1111111,214.1111111,211.3333333,194.3333333,94.22222222,0.0,0.4989383,0.99787659,0.000464788,1415.111111,1,0,0.99583867,0.000241036,,,,,,,,,0.0,132120974.65342572,,0.0,132120974.65342572,,0.0,0.0,132120974.65342572,132120974.65342572,
,0.0,0.0,0.0,0.0,0.0,0.0,0.0,0.0,0.0,0.0,0.0,0.0,0.0,0.5,1,0,169.0,1387.333333,236.8888889,226.8888889,226.8888889,202.3333333,203.0,201.2222222,90.11111111,0.0,0.49857709,0.99715418,0.000488663,1387.333333,1,0,0.99627017,0.000314344,,,,,,,,,0.0,130292464.10431926,,0.0,130292464.10431926,,0.0,0.0,130292464.10431926,130292464.10431926,
,0.0,0.0,0.0,0.0,0.0,0.0,0.0,0.0,0.0,0.0,0.0,0.0,0.0,0.5,1,0,170.0,1372.111111,239.3333333,215.5555556,215.7777778,216.3333333,192.8888889,194.2222222,98.0,0.0,0.498401375,0.996802755,0.000510329,1372.111111,1,0,0.996563025,0.000343515,,,,,,,,,0.0,129532948.3298182,,0.0,129532948.3298182,,0.0,0.0,129532948.3298182,129532948.3298182,
,0.0,0.0,0.0,0.0,0.0,0.0,0.0,0.0,0.0,0.0,0.0,0.0,0.0,0.5,1,0,171.0,1511.0,261.125,248.875,230.25,229.5,232.75,206.625,101.875,0.0,0.497868805,0.995737615,0.000433849,1511.0,1,0,0.99667911,0.00025971,,,,,,,,,0.0,142253461.375,,0.0,142253461.375,,0.0,0.0,142253461.375,142253461.375,
,0.0,0.0,0.0,0.0,0.0,0.0,0.0,0.0,0.0,0.0,0.0,0.0,0.0,0.5,1,0,172.0,1474.0,246.5,237.25,234.75,218.875,216.625,222.5,97.5,0.0,0.497930295,0.99586059,0.000413843,1474.0,1,0,0.996102335,0.000257582,,,,,,,,,0.0,140186614.375,,0.0,140186614.375,,0.0,0.0,140186614.375,140186614.375,
,0.0,0.0,0.0,0.0,0.0,0.0,0.0,0.0,0.0,0.0,0.0,0.0,0.0,0.5,1,0,173.0,1432.75,239.375,225.625,224.0,224.75,208.25,206.75,104.0,0.0,0.497854455,0.99570893,0.000364799,1432.75,1,0,0.995978795,0.000226721,,,,,,,,,0.0,136932502.125,,0.0,136932502.125,,0.0,0.0,136932502.125,136932502.125,
,0.0,0.0,0.0,0.0,0.0,0.0,0.0,0.0,0.0,0.0,0.0,0.0,0.0,0.5,1,0,174.0,1376.75,218.0,220.75,215.75,211.875,214.125,198.0,98.25,0.0,0.49770356,0.995407125,0.000290165,1376.75,1,0,0.995273445,0.00025002,,,,,,,,,0.0,132885681.875,,0.0,132885681.875,,0.0,0.0,132885681.875,132885681.875,
,0.0,0.0,0.0,0.0,0.0,0.0,0.0,0.0,0.0,0.0,0.0,0.0,0.0,0.5,1,0,175.0,1331.875,216.875,197.625,210.0,205.75,202.5,203.125,96.0,0.0,0.49776177,0.995523525,0.000287982,1331.875,1,0,0.99509942,0.000250677,,,,,,,,,0.0,129698489.625,,0.0,129698489.625,,0.0,0.0,129698489.625,129698489.625,
,0.0,0.0,0.0,0.0,0.0,0.0,0.0,0.0,0.0,0.0,0.0,0.0,0.0,0.5,1,0,176.0,1446.285714,220.1428571,230.5714286,214.5714286,228.4285714,221.8571429,220.2857143,110.4285714,0.0,0.49799318,0.99598636,0.000302983,1446.285714,1,0,0.9953001,0.000237411,,,,,,,,,0.0,142104816.00312892,,0.0,142104816.00312892,,0.0,0.0,142104816.00312892,142104816.00312892,
,0.0,0.0,0.0,0.0,0.0,0.0,0.0,0.0,0.0,0.0,0.0,0.0,0.0,0.5,1,0,177.0,1374.142857,215.7142857,205.7142857,216.8571429,203.1428571,215.2857143,209.5714286,107.8571429,0.0,0.497871545,0.9957431,0.000388231,1374.142857,1,0,0.99627566,0.000197081,,,,,,,,,0.0,135140579.4399809,,0.0,135140579.4399809,,0.0,0.0,135140579.4399809,135140579.4399809,
,0.0,0.0,0.0,0.0,0.0,0.0,0.0,0.0,0.0,0.0,0.0,0.0,0.0,0.5,1,0,178.0,1289.142857,197.4285714,200.5714286,196.1428571,206.2857143,193.5714286,202.2857143,92.85714286,0.0,0.498063095,0.99612619,0.000360775,1289.142857,1,0,0.99645593,0.000213549,,,,,,,,,0.0,126617427.29220836,,0.0,126617427.29220836,,0.0,0.0,126617427.29220836,126617427.29220836,
,0.0,0.0,0.0,0.0,0.0,0.0,0.0,0.0,0.0,0.0,0.0,0.0,0.0,0.5,1,0,179.0,1219.142857,185.2857143,184.0,190.2857143,186.7142857,195.1428571,183.5714286,94.14285714,0.0,0.498403485,0.99680696,0.000317673,1219.142857,1,0,0.996218505,0.000183878,,,,,,,,,0.0,120528382.28272055,,0.0,120528382.28272055,,0.0,0.0,120528382.28272055,120528382.28272055,
,0.0,0.0,0.0,0.0,0.0,0.0,0.0,0.0,0.0,0.0,0.0,0.0,0.0,0.5,1,0,180.0,1149.142857,166.7142857,174.4285714,174.0,180.2857143,177.2857143,186.1428571,90.28571429,0.0,0.49861956,0.99723912,0.000294376,1149.142857,1,0,0.99619753,0.000178681,,,,,,,,,0.0,115113101.85381106,,0.0,115113101.85381106,,0.0,0.0,115113101.85381106,115113101.85381106,
,0.0,0.0,0.0,0.0,0.0,0.0,0.0,0.0,0.0,0.0,0.0,0.0,0.0,0.5,1,0,181.0,1089.285714,173.7142857,158.8571429,165.1428571,165.1428571,172.7142857,168.2857143,85.42857143,0.0,0.49881031,0.997620625,0.000364173,1089.285714,1,0,0.99590267,0.000142897,,,,,,,,,0.0,107713048.85018578,,0.0,107713048.85018578,,0.0,0.0,107713048.85018578,107713048.85018578,
,0.0,0.0,0.0,0.0,0.0,0.0,0.0,0.0,0.0,0.0,0.0,0.0,0.0,0.5,1,0,182.0,1024.571429,155.4285714,165.4285714,150.8571429,157.0,156.0,163.0,76.85714286,0.0,0.49897605,0.9979521,0.000422572,1024.571429,1,0,0.99594929,0.000151079,,,,,,,,,0.0,100777850.14537945,,0.0,100777850.14537945,,0.0,0.0,100777850.14537945,100777850.14537945,
,0.0,0.0,0.0,0.0,0.0,0.0,0.0,0.0,0.0,0.0,0.0,0.0,0.0,0.5,1,0,183.0,971.0,143.4285714,147.0,157.7142857,143.8571429,149.0,149.0,81.0,0.0,0.499071955,0.998143895,0.000398732,971.0,1,0,0.995944745,0.000139867,,,,,,,,,0.0,96299915.5754742,,0.0,96299915.5754742,,0.0,0.0,96299915.5754742,96299915.5754742,
,0.0,0.0,0.0,0.0,0.0,0.0,0.0,0.0,0.0,0.0,0.0,0.0,0.0,0.5,1,0,184.0,910.4285714,133.0,136.0,140.7142857,149.5714286,136.2857143,143.0,71.85714286,0.0,0.49912921,0.998258415,0.000429083,910.4285714,1,0,0.996427725,0.000140908,,,,,,,,,0.0,90862301.29092686,,0.0,90862301.29092686,,0.0,0.0,90862301.29092686,90862301.29092686,
,0.0,0.0,0.0,0.0,0.0,0.0,0.0,0.0,0.0,0.0,0.0,0.0,0.0,0.5,1,0,185.0,841.5714286,111.8571429,125.0,130.0,134.5714286,141.7142857,131.1428571,67.28571429,0.0,0.499129325,0.99825863,0.000480395,841.5714286,1,0,0.996841795,0.000153053,,,,,,,,,0.0,85812510.70965014,,0.0,85812510.70965014,,0.0,0.0,85812510.70965014,85812510.70965014,
,0.0,0.0,0.0,0.0,0.0,0.0,0.0,0.0,0.0,0.0,0.0,0.0,0.0,0.5,1,0,186.0,793.1428571,120.1428571,105.5714286,117.8571429,123.5714286,127.1428571,135.1428571,63.71428571,0.0,0.499060675,0.998121335,0.000460982,793.1428571,1,0,0.997159995,0.0001828,,,,,,,,,0.0,80878366.99267375,,0.0,80878366.99267375,,0.0,0.0,80878366.99267375,80878366.99267375,
,0.0,0.0,0.0,0.0,0.0,0.0,0.0,0.0,0.0,0.0,0.0,0.0,0.0,0.5,1,0,187.0,869.3333333,133.5,132.0,117.8333333,132.0,138.0,142.0,74.0,0.0,0.499056695,0.99811339,0.000507504,869.3333333,1,0,0.99737227,0.00019153,,,,,,,,,0.0,87357778.3309075,,0.0,87357778.3309075,,0.0,0.0,87357778.3309075,87357778.3309075,
,0.0,0.0,0.0,0.0,0.0,0.0,0.0,0.0,0.0,0.0,0.0,0.0,0.0,0.5,1,0,188.0,816.8333333,126.8333333,127.3333333,124.5,112.5,125.3333333,131.8333333,68.5,0.0,0.49899772,0.99799544,0.000565987,816.8333333,1,0,0.997475385,0.000193817,,,,,,,,,0.0,80648716.1547355,,0.0,80648716.1547355,,0.0,0.0,80648716.1547355,80648716.1547355,
,0.0,0.0,0.0,0.0,0.0,0.0,0.0,0.0,0.0,0.0,0.0,0.0,0.0,0.5,1,0,189.0,763.6666667,111.6666667,120.3333333,121.5,119.0,108.0,120.3333333,62.83333333,0.0,0.4989596,0.997919205,0.000536517,763.6666667,1,0,0.997495575,0.000229349,,,,,,,,,0.0,75362559.15992498,,0.0,75362559.15992498,,0.0,0.0,75362559.15992498,75362559.15992498,
,0.0,0.0,0.0,0.0,0.0,0.0,0.0,0.0,0.0,0.0,0.0,0.0,0.0,0.5,1,0,190.0,718.0,106.1666667,106.8333333,114.1666667,116.6666667,114.6666667,102.6666667,56.83333333,0.0,0.498904635,0.99780928,0.000522982,718.0,1,0,0.99742365,0.000239553,,,,,,,,,0.0,71194222.01602837,,0.0,71194222.01602837,,0.0,0.0,71194222.01602837,71194222.01602837,
,0.0,0.0,0.0,0.0,0.0,0.0,0.0,0.0,0.0,0.0,0.0,0.0,0.0,0.5,1,0,191.0,681.3333333,96.0,101.1666667,102.5,109.1666667,110.8333333,111.6666667,50.0,0.0,0.49892662,0.997853235,0.000513306,681.3333333,1,0,0.997282555,0.000233671,,,,,,,,,0.0,68899957.6721433,,0.0,68899957.6721433,,0.0,0.0,68899957.6721433,68899957.6721433,
,0.0,0.0,0.0,0.0,0.0,0.0,0.0,0.0,0.0,0.0,0.0,0.0,0.0,0.5,1,0,192.0,636.0,92.5,90.5,95.5,97.66666667,104.1666667,104.8333333,50.83333333,0.0,0.498960805,0.997921605,0.000536264,636.0,1,0,0.99715944,0.000236416,,,,,,,,,0.0,64597289.66615723,,0.0,64597289.66615723,,0.0,0.0,64597289.66615723,64597289.66615723,
,0.0,0.0,0.0,0.0,0.0,0.0,0.0,0.0,0.0,0.0,0.0,0.0,0.0,0.5,1,0,193.0,603.6666667,102.8333333,87.16666667,84.83333333,90.83333333,93.16666667,97.5,47.33333333,0.0,0.49901972,0.998039435,0.000492393,603.6666667,1,0,0.997274075,0.000205494,,,,,,,,,0.0,59460237.16575924,,0.0,59460237.16575924,,0.0,0.0,59460237.16575924,59460237.16575924,
,0.0,0.0,0.0,0.0,0.0,0.0,0.0,0.0,0.0,0.0,0.0,0.0,0.0,0.5,1,0,194.0,576.6666667,94.83333333,98.83333333,81.83333333,80.66666667,86.16666667,88.33333333,46.0,0.0,0.49907851,0.998157025,0.000450768,576.6666667,1,0,0.997558055,0.00020021,,,,,,,,,0.0,55414424.66667741,,0.0,55414424.66667741,,0.0,0.0,55414424.66667741,55414424.66667741,
,0.0,0.0,0.0,0.0,0.0,0.0,0.0,0.0,0.0,0.0,0.0,0.0,0.0,0.5,1,0,195.0,556.6666667,89.83333333,90.66666667,94.33333333,79.0,76.83333333,83.0,43.0,0.0,0.499142605,0.998285205,0.000451305,556.6666667,1,0,0.99753158,0.000183789,,,,,,,,,0.0,53003906.16597474,,0.0,53003906.16597474,,0.0,0.0,53003906.16597474,53003906.16597474,
,0.0,0.0,0.0,0.0,0.0,0.0,0.0,0.0,0.0,0.0,0.0,0.0,0.0,0.5,1,0,196.0,535.0,85.66666667,86.16666667,86.83333333,88.5,75.66666667,73.33333333,38.83333333,0.0,0.49926832,0.998536655,0.000443555,535.0,1,0,0.99757198,0.000222328,,,,,,,,,0.0,50991463.99928452,,0.0,50991463.99928452,,0.0,0.0,50991463.99928452,50991463.99928452,
,0.0,0.0,0.0,0.0,0.0,0.0,0.0,0.0,0.0,0.0,0.0,0.0,0.0,0.5,1,0,197.0,511.6666667,72.66666667,81.33333333,81.83333333,81.66666667,84.5,72.5,37.16666667,0.0,0.49932208,0.99864416,0.000429992,511.6666667,1,0,0.997628,0.000211433,,,,,,,,,0.0,50467290.16733585,,0.0,50467290.16733585,,0.0,0.0,50467290.16733585,50467290.16733585,
,0.0,0.0,0.0,0.0,0.0,0.0,0.0,0.0,0.0,0.0,0.0,0.0,0.0,0.5,1,0,198.0,497.8333333,74.66666667,69.33333333,77.83333333,78.0,78.66666667,79.66666667,39.66666667,0.0,0.49933502,0.998670045,0.000368478,497.8333333,1,0,0.99772547,0.000195532,,,,,,,,,0.0,50097486.83465436,,0.0,50097486.83465436,,0.0,0.0,50097486.83465436,50097486.83465436,
,0.0,0.0,0.0,0.0,0.0,0.0,0.0,0.0,0.0,0.0,0.0,0.0,0.0,0.5,1,0,199.0,469.5,70.66666667,70.83333333,66.83333333,74.0,73.66666667,73.5,40.0,0.0,0.499360795,0.99872158,0.000299932,469.5,1,0,0.99769384,0.000201027,,,,,,,,,0.0,47068106.50020676,,0.0,47068106.50020676,,0.0,0.0,47068106.50020676,47068106.50020676,
,0.0,0.0,0.0,0.0,0.0,0.0,0.0,0.0,0.0,0.0,0.0,0.0,0.0,0.5,1,0,200.0,443.1666667,68.66666667,67.16666667,66.33333333,64.16666667,70.83333333,71.0,35.0,0.0,0.49932316,0.99864632,0.00035884,443.1666667,1,0,0.997901095,0.000227953,,,,,,,,,0.0,43986942.83311651,,0.0,43986942.83311651,,0.0,0.0,43986942.83311651,43986942.83311651,
,0.0,0.0,0.0,0.0,0.0,0.0,0.0,0.0,0.0,0.0,0.0,0.0,0.0,0.5,1,0,201.0,431.1666667,75.83333333,65.0,64.33333333,63.0,61.83333333,66.83333333,34.33333333,0.0,0.49931098,0.99862197,0.00043282,431.1666667,1,0,0.99787391,0.00025947,,,,,,,,,0.0,41503678.164764464,,0.0,41503678.164764464,,0.0,0.0,41503678.164764464,41503678.164764464,
,0.0,0.0,0.0,0.0,0.0,0.0,0.0,0.0,0.0,0.0,0.0,0.0,0.0,0.5,1,0,202.0,415.0,70.66666667,73.33333333,61.16666667,60.66666667,60.83333333,59.33333333,29.0,0.0,0.499354315,0.99870863,0.000389911,415.0,1,0,0.997862525,0.000274924,,,,,,,,,0.0,38880092.49952457,,0.0,38880092.49952457,,0.0,0.0,38880092.49952457,38880092.49952457,
,0.0,0.0,0.0,0.0,0.0,0.0,0.0,0.0,0.0,0.0,0.0,0.0,0.0,0.5,1,0,203.0,404.6666667,68.5,66.33333333,69.66666667,57.66666667,56.66666667,57.5,28.33333333,0.0,0.499348535,0.99869708,0.000433391,404.6666667,1,0,0.997750925,0.00030896,,,,,,,,,0.0,37843422.50051498,,0.0,37843422.50051498,,0.0,0.0,37843422.50051498,37843422.50051498,
,0.0,0.0,0.0,0.0,0.0,0.0,0.0,0.0,0.0,0.0,0.0,0.0,0.0,0.5,1,0,204.0,396.8333333,67.83333333,65.16666667,63.5,67.5,52.66666667,53.33333333,26.83333333,0.0,0.49938449,0.99876898,0.00051865,396.8333333,1,0,0.99761679,0.000331811,,,,,,,,,0.0,37019115.83280075,,0.0,37019115.83280075,,0.0,0.0,37019115.83280075,37019115.83280075,
,0.0,0.0,0.0,0.0,0.0,0.0,0.0,0.0,0.0,0.0,0.0,0.0,0.0,0.5,1,0,205.0,394.3333333,70.0,63.83333333,62.5,59.83333333,64.66666667,49.83333333,23.66666667,0.0,0.4993986,0.99879719,0.000550478,394.3333333,1,0,0.99749275,0.00032029,,,,,,,,,0.0,36713995.333348185,,0.0,36713995.333348185,,0.0,0.0,36713995.333348185,36713995.333348185,
,0.0,0.0,0.0,0.0,0.0,0.0,0.0,0.0,0.0,0.0,0.0,0.0,0.0,0.5,1,0,206.0,402.3333333,74.16666667,66.66666667,59.66666667,60.0,56.66666667,61.5,23.66666667,0.0,0.499436165,0.99887233,0.000619378,402.3333333,1,0,0.997737145,0.000231784,,,,,,,,,0.0,37341367.168113135,,0.0,37341367.168113135,,0.0,0.0,37341367.168113135,37341367.168113135,
,0.0,0.0,0.0,0.0,0.0,0.0,0.0,0.0,0.0,0.0,0.0,0.0,0.0,0.5,1,0,207.0,399.5,67.5,70.16666667,64.0,55.83333333,57.66666667,54.0,30.33333333,0.0,0.499431645,0.9988633,0.000572565,399.5,1,0,0.997821355,0.000172817,,,,,,,,,0.0,37216845.99963359,,0.0,37216845.99963359,,0.0,0.0,37216845.99963359,37216845.99963359,
,0.0,0.0,0.0,0.0,0.0,0.0,0.0,0.0,0.0,0.0,0.0,0.0,0.0,0.5,1,0,208.0,395.6666667,69.5,63.5,65.83333333,60.83333333,53.0,55.16666667,27.83333333,0.0,0.49952933,0.999058665,0.000480254,395.6666667,1,0,0.997899705,0.000213399,,,,,,,,,0.0,36848773.832664564,,0.0,36848773.832664564,,0.0,0.0,36848773.832664564,36848773.832664564,
,0.0,0.0,0.0,0.0,0.0,0.0,0.0,0.0,0.0,0.0,0.0,0.0,0.0,0.5,1,0,209.0,471.8,81.8,78.6,71.0,75.4,70.8,61.8,32.4,0.0,0.4995391,0.999078195,0.000485182,471.8,1,0,0.9980291,0.000129431,,,,,,,,,0.0,44206680.6,,0.0,44206680.6,,0.0,0.0,44206680.6,44206680.6,
,0.0,0.0,0.0,0.0,0.0,0.0,0.0,0.0,0.0,0.0,0.0,0.0,0.0,0.5,1,0,210.0,474.6,81.4,77.8,76.0,67.6,73.2,67.4,31.2,0.0,0.49960576,0.99921152,0.000303319,474.6,1,0,0.998180665,0.000130659,,,,,,,,,0.0,44667453.0,,0.0,44667453.0,,0.0,0.0,44667453.0,44667453.0,
,0.0,0.0,0.0,0.0,0.0,0.0,0.0,0.0,0.0,0.0,0.0,0.0,0.0,0.5,1,0,211.0,457.8,70.4,76.2,73.8,72.8,63.8,69.0,31.8,0.0,0.49956542,0.99913084,0.000346719,457.8,1,0,0.998451145,0.000102473,,,,,,,,,0.0,43923173.0,,0.0,43923173.0,,0.0,0.0,43923173.0,43923173.0,
,0.0,0.0,0.0,0.0,0.0,0.0,0.0,0.0,0.0,0.0,0.0,0.0,0.0,0.5,1,0,212.0,438.0,67.4,67.2,72.4,68.2,68.4,61.6,32.8,0.0,0.49963557,0.99927114,0.000239924,438.0,1,0,0.9983364,0.000115399,,,,,,,,,0.0,42617204.8,,0.0,42617204.8,,0.0,0.0,42617204.8,42617204.8,
,0.0,0.0,0.0,0.0,0.0,0.0,0.0,0.0,0.0,0.0,0.0,0.0,0.0,0.5,1,0,213.0,416.8,60.4,64.4,64.4,67.8,65.6,63.6,30.6,0.0,0.49961441,0.99922881,0.000250822,416.8,1,0,0.998567975,8.5e-05,,,,,,,,,0.0,41368586.2,,0.0,41368586.2,,0.0,0.0,41368586.2,41368586.2,
,0.0,0.0,0.0,0.0,0.0,0.0,0.0,0.0,0.0,0.0,0.0,0.0,0.0,0.5,1,0,214.0,393.4,58.2,58.2,59.4,62.2,63.4,63.0,29.0,0.0,0.49963235,0.99926471,0.000230625,393.4,1,0,0.998837305,8.96e-05,,,,,,,,,0.0,39398967.0,,0.0,39398967.0,,0.0,0.0,39398967.0,39398967.0,
,0.0,0.0,0.0,0.0,0.0,0.0,0.0,0.0,0.0,0.0,0.0,0.0,0.0,0.5,1,0,215.0,374.8,58.6,55.4,55.0,56.2,58.6,61.0,30.0,0.0,0.499683475,0.99936695,0.000148365,374.8,1,0,0.99872771,8.91e-05,,,,,,,,,0.0,37349305.8,,0.0,37349305.8,,0.0,0.0,37349305.8,37349305.8,
,0.0,0.0,0.0,0.0,0.0,0.0,0.0,0.0,0.0,0.0,0.0,0.0,0.0,0.5,1,0,216.0,347.0,48.2,55.2,52.2,52.2,52.6,56.4,30.2,0.0,0.49972577,0.999451535,0.000158629,347.0,1,0,0.99850558,0.000118421,,,,,,,,,0.0,34892580.6,,0.0,34892580.6,,0.0,0.0,34892580.6,34892580.6,
,0.0,0.0,0.0,0.0,0.0,0.0,0.0,0.0,0.0,0.0,0.0,0.0,0.0,0.5,1,0,217.0,332.2,54.2,46.4,52.8,49.8,50.2,49.8,29.0,0.0,0.499743465,0.99948693,0.000180053,332.2,1,0,0.998413625,0.000109389,,,,,,,,,0.0,32771253.2,,0.0,32771253.2,,0.0,0.0,32771253.2,32771253.2,
,0.0,0.0,0.0,0.0,0.0,0.0,0.0,0.0,0.0,0.0,0.0,0.0,0.0,0.5,1,0,218.0,311.4,47.6,52.0,44.0,50.4,47.4,46.0,24.0,0.0,0.49975677,0.999513535,0.000166309,311.4,1,0,0.99890702,8.95e-05,,,,,,,,,0.0,30402018.4,,0.0,30402018.4,,0.0,0.0,30402018.4,30402018.4,
,0.0,0.0,0.0,0.0,0.0,0.0,0.0,0.0,0.0,0.0,0.0,0.0,0.0,0.5,1,0,219.0,297.6,46.4,45.2,49.0,42.0,47.8,45.4,21.8,0.0,0.49971157,0.99942314,0.000206299,297.6,1,0,0.998787615,7.2e-05,,,,,,,,,0.0,29103716.599999998,,0.0,29103716.599999998,,0.0,0.0,29103716.599999998,29103716.599999998,
,0.0,0.0,0.0,0.0,0.0,0.0,0.0,0.0,0.0,0.0,0.0,0.0,0.0,0.5,1,0,220.0,287.6,48.2,43.0,44.0,47.6,39.8,45.2,19.8,0.0,0.4997014,0.9994028,0.00022213,287.6,1,0,0.99892109,6.41e-05,,,,,,,,,0.0,27782639.4,,0.0,27782639.4,,0.0,0.0,27782639.4,27782639.4,
,0.0,0.0,0.0,0.0,0.0,0.0,0.0,0.0,0.0,0.0,0.0,0.0,0.0,0.5,1,0,221.0,266.4,36.6,45.2,40.0,41.8,44.4,37.4,21.0,0.0,0.49970828,0.999416565,0.000221542,266.4,1,0,0.998965565,6.65e-05,,,,,,,,,0.0,26351056.799999997,,0.0,26351056.799999997,,0.0,0.0,26351056.799999997,26351056.799999997,
,0.0,0.0,0.0,0.0,0.0,0.0,0.0,0.0,0.0,0.0,0.0,0.0,0.0,0.5,1,0,222.0,318.25,53.25,43.0,53.0,48.0,47.75,52.75,20.5,0.0,0.499762785,0.99952557,8.99e-05,318.25,1,0,0.999175865,6.06e-05,,,,,,,,,0.0,31130011.75,,0.0,31130011.75,,0.0,0.0,31130011.75,31130011.75,
,0.0,0.0,0.0,0.0,0.0,0.0,0.0,0.0,0.0,0.0,0.0,0.0,0.0,0.5,1,0,223.0,313.25,51.0,51.5,40.75,50.25,47.0,45.75,27.0,0.0,0.499756525,0.99951305,5.34e-05,313.25,1,0,0.999168805,5.41e-05,,,,,,,,,0.0,30565869.5,,0.0,30565869.5,,0.0,0.0,30565869.5,30565869.5,
,0.0,0.0,0.0,0.0,0.0,0.0,0.0,0.0,0.0,0.0,0.0,0.0,0.0,0.5,1,0,224.0,296.0,49.5,48.75,48.75,36.75,46.5,44.5,21.25,0.0,0.499733045,0.999466085,4.65e-05,296.0,1,0,0.99933714,6.17e-05,,,,,,,,,0.0,28118412.5,,0.0,28118412.5,,0.0,0.0,28118412.5,28118412.5,
,0.0,0.0,0.0,0.0,0.0,0.0,0.0,0.0,0.0,0.0,0.0,0.0,0.0,0.5,1,0,225.0,287.5,46.0,47.5,45.0,46.0,35.5,44.75,22.75,0.0,0.499837725,0.999675445,5.17e-05,287.5,1,0,0.999389805,4.51e-05,,,,,,,,,0.0,27524268.0,,0.0,27524268.0,,0.0,0.0,27524268.0,27524268.0,
,0.0,0.0,0.0,0.0,0.0,0.0,0.0,0.0,0.0,0.0,0.0,0.0,0.0,0.5,1,0,226.0,279.75,47.0,44.75,45.25,43.0,44.75,33.5,21.5,0.0,0.49985252,0.999705045,2.85e-05,279.75,1,0,0.99936673,3.46e-05,,,,,,,,,0.0,26455788.25,,0.0,26455788.25,,0.0,0.0,26455788.25,26455788.25,
,0.0,0.0,0.0,0.0,0.0,0.0,0.0,0.0,0.0,0.0,0.0,0.0,0.0,0.5,1,0,227.0,264.75,36.0,43.5,43.25,42.5,41.75,43.5,14.25,0.0,0.499846535,0.99969307,4.46e-05,264.75,1,0,0.99958046,2.3e-05,,,,,,,,,0.0,26081234.75,,0.0,26081234.75,,0.0,0.0,26081234.75,26081234.75,
,0.0,0.0,0.0,0.0,0.0,0.0,0.0,0.0,0.0,0.0,0.0,0.0,0.0,0.5,1,0,228.0,342.6666667,55.0,46.33333333,55.0,55.33333333,52.33333333,51.0,27.66666667,0.0,0.49985398,0.999707955,4.03e-05,342.6666667,1,0,0.999566265,2.41e-05,,,,,,,,,0.0,33929741.33286891,,0.0,33929741.33286891,,0.0,0.0,33929741.33286891,33929741.33286891,
,0.0,0.0,0.0,0.0,0.0,0.0,0.0,0.0,0.0,0.0,0.0,0.0,0.0,0.5,1,0,229.0,331.6666667,53.0,53.33333333,44.66666667,53.33333333,53.0,50.66666667,23.66666667,0.0,0.499852635,0.999705275,5.69e-05,331.6666667,1,0,0.999560645,2.48e-05,,,,,,,,,0.0,32485109.000845417,,0.0,32485109.000845417,,0.0,0.0,32485109.000845417,32485109.000845417,
,0.0,0.0,0.0,0.0,0.0,0.0,0.0,0.0,0.0,0.0,0.0,0.0,0.0,0.5,1,0,230.0,320.0,49.66666667,51.33333333,51.66666667,42.0,50.66666667,49.0,25.66666667,0.0,0.4998746,0.9997492,5.34e-05,320.0,1,0,0.99956329,1.27e-05,,,,,,,,,0.0,31195445.334587783,,0.0,31195445.334587783,,0.0,0.0,31195445.334587783,31195445.334587783,
,0.0,0.0,0.0,0.0,0.0,0.0,0.0,0.0,0.0,0.0,0.0,0.0,0.0,0.5,1,0,231.0,301.0,46.0,47.33333333,49.33333333,48.0,40.33333333,47.66666667,22.33333333,0.0,0.499876405,0.99975281,5.06e-05,301.0,1,0,0.99956117,1.33e-05,,,,,,,,,0.0,29244033.33246845,,0.0,29244033.33246845,,0.0,0.0,29244033.33246845,29244033.33246845,
,0.0,0.0,0.0,0.0,0.0,0.0,0.0,0.0,0.0,0.0,0.0,0.0,0.0,0.5,1,0,232.0,297.3333333,52.0,44.33333333,46.0,46.66666667,44.66666667,39.0,24.66666667,0.0,0.499858115,0.99971623,5.11e-05,297.3333333,1,0,0.999572415,1.38e-05,,,,,,,,,0.0,28431979.33473077,,0.0,28431979.33473077,,0.0,0.0,28431979.33473077,28431979.33473077,
,0.0,0.0,0.0,0.0,0.0,0.0,0.0,0.0,0.0,0.0,0.0,0.0,0.0,0.5,1,0,233.0,285.6666667,45.33333333,48.33333333,41.33333333,44.0,42.0,42.0,22.66666667,0.0,0.49987059,0.999741175,5.29e-05,285.6666667,1,0,0.999607845,0.0,,,,,,,,,0.0,27562208.00019408,,0.0,27562208.00019408,,0.0,0.0,27562208.00019408,27562208.00019408,
,0.0,0.0,0.0,0.0,0.0,0.0,0.0,0.0,0.0,0.0,0.0,0.0,0.0,0.5,1,0,234.0,268.3333333,40.66666667,42.66666667,46.33333333,37.0,41.33333333,40.66666667,19.66666667,0.0,0.499875465,0.999750935,3.74e-05,268.3333333,1,0,0.999669605,0.0,,,,,,,,,0.0,26018635.33381536,,0.0,26018635.33381536,,0.0,0.0,26018635.33381536,26018635.33381536,
,0.0,0.0,0.0,0.0,0.0,0.0,0.0,0.0,0.0,0.0,0.0,0.0,0.0,0.5,1,0,235.0,247.6666667,35.33333333,37.66666667,39.66666667,44.0,33.33333333,39.66666667,18.0,0.0,0.499878705,0.99975741,2.7e-05,247.6666667,1,0,0.999685535,0.0,,,,,,,,,0.0,24530058.33367832,,0.0,24530058.33367832,,0.0,0.0,24530058.33367832,24530058.33367832,
,0.0,0.0,0.0,0.0,0.0,0.0,0.0,0.0,0.0,0.0,0.0,0.0,0.0,0.5,1,0,236.0,355.5,53.5,52.5,51.5,57.0,63.0,48.0,30.0,0.0,0.499883965,0.99976793,3.52e-05,355.5,1,0,0.99967715,0.0,,,,,,,,,0.0,35593767.0,,0.0,35593767.0,,0.0,0.0,35593767.0,35593767.0,
,0.0,0.0,0.0,0.0,0.0,0.0,0.0,0.0,0.0,0.0,0.0,0.0,0.0,0.5,1,0,237.0,663.0,94.0,97.0,98.0,101.0,109.0,119.0,45.0,0.0,0.499883105,0.999766215,3.77e-05,663.0,1,0,0.99966608,0.0,,,,,,,,,0.0,67503307.0,,0.0,67503307.0,,0.0,0.0,67503307.0,67503307.0,
,0.0,0.0,0.0,0.0,0.0,0.0,0.0,0.0,0.0,0.0,0.0,0.0,0.0,0.5,1,0,238.0,617.0,92.0,89.0,88.0,92.0,99.0,103.0,54.0,0.0,0.499902755,0.99980551,4.05e-05,617.0,1,0,0.99958095,9.52e-06,,,,,,,,,0.0,62729474.0,,0.0,62729474.0,,0.0,0.0,62729474.0,62729474.0,
,0.0,0.0,0.0,0.0,0.0,0.0,0.0,0.0,0.0,0.0,0.0,0.0,0.0,0.5,1,0,239.0,580.0,98.0,87.0,87.0,83.0,88.0,97.0,40.0,0.0,0.499913795,0.999827585,2.59e-05,580.0,1,0,0.99960581,2.07e-05,,,,,,,,,0.0,56474262.0,,0.0,56474262.0,,0.0,0.0,56474262.0,56474262.0,
,0.0,0.0,0.0,0.0,0.0,0.0,0.0,0.0,0.0,0.0,0.0,0.0,0.0,0.5,1,0,240.0,552.0,80.0,94.0,80.0,85.0,81.0,84.0,48.0,0.0,0.49991848,0.999836955,4.53e-05,552.0,1,0,0.99954449,1.06e-05,,,,,,,,,0.0,54370219.0,,0.0,54370219.0,,0.0,0.0,54370219.0,54370219.0,
,0.0,0.0,0.0,0.0,0.0,0.0,0.0,0.0,0.0,0.0,0.0,0.0,0.0,0.5,1,0,241.0,519.0,82.0,75.0,90.0,73.0,82.0,79.0,38.0,0.0,0.49993738,0.99987476,4.82e-05,519.0,1,0,0.99957666,1.14e-05,,,,,,,,,0.0,50712573.0,,0.0,50712573.0,,0.0,0.0,50712573.0,50712573.0,
,0.0,0.0,0.0,0.0,0.0,0.0,0.0,0.0,0.0,0.0,0.0,0.0,0.0,0.5,1,0,242.0,486.0,62.0,79.0,72.0,85.0,68.0,75.0,45.0,0.0,0.499943415,0.99988683,3.09e-05,486.0,1,0,0.999646225,2.36e-05,,,,,,,,,0.0,49188319.0,,0.0,49188319.0,,0.0,0.0,49188319.0,49188319.0,
,0.0,0.0,0.0,0.0,0.0,0.0,0.0,0.0,0.0,0.0,0.0,0.0,0.0,0.5,1,0,243.0,418.0,47.0,61.0,74.0,69.0,78.0,64.0,25.0,0.0,0.49993421,0.99986842,3.59e-05,418.0,1,0,0.999690025,1.35e-05,,,,,,,,,0.0,43037758.0,,0.0,43037758.0,,0.0,0.0,43037758.0,43037758.0,
,0.0,0.0,0.0,0.0,0.0,0.0,0.0,0.0,0.0,0.0,0.0,0.0,0.0,0.5,1,0,244.0,424.0,68.0,46.0,61.0,72.0,69.0,77.0,31.0,0.0,0.499929245,0.99985849,4.72e-05,424.0,1,0,0.9997191,1.4e-05,,,,,,,,,0.0,43993973.0,,0.0,43993973.0,,0.0,0.0,43993973.0,43993973.0,
,0.0,0.0,0.0,0.0,0.0,0.0,0.0,0.0,0.0,0.0,0.0,0.0,0.0,0.5,1,0,245.0,386.0,45.0,64.0,42.0,60.0,65.0,68.0,42.0,0.0,0.49992228,0.99984456,5.18e-05,386.0,1,0,0.999750735,2.93e-05,,,,,,,,,0.0,41176285.0,,0.0,41176285.0,,0.0,0.0,41176285.0,41176285.0,
,0.0,0.0,0.0,0.0,0.0,0.0,0.0,0.0,0.0,0.0,0.0,0.0,0.0,0.5,1,0,246.0,340.0,40.0,44.0,62.0,40.0,57.0,64.0,33.0,0.0,0.499941175,0.999882355,4.41e-05,340.0,1,0,0.999733335,6.67e-05,,,,,,,,,0.0,36100308.0,,0.0,36100308.0,,0.0,0.0,36100308.0,36100308.0,
,0.0,0.0,0.0,0.0,0.0,0.0,0.0,0.0,0.0,0.0,0.0,0.0,0.0,0.5,1,0,247.0,291.0,34.0,36.0,42.0,59.0,39.0,53.0,28.0,0.0,0.499939865,0.999879725,5.15e-05,291.0,1,0,0.999727625,7.78e-05,,,,,,,,,0.0,31280217.0,,0.0,31280217.0,,0.0,0.0,31280217.0,31280217.0,
,0.0,0.0,0.0,0.0,0.0,0.0,0.0,0.0,0.0,0.0,0.0,0.0,0.0,0.5,1,0,248.0,229.0,13.0,31.0,35.0,37.0,56.0,37.0,20.0,0.0,0.4999345,0.999868995,4.37e-05,229.0,1,0,0.999699075,6.94e-05,,,,,,,,,0.0,26327695.0,,0.0,26327695.0,,0.0,0.0,26327695.0,26327695.0,
,0.0,0.0,0.0,0.0,0.0,0.0,0.0,0.0,0.0,0.0,0.0,0.0,0.0,0.5,1,0,249.0,205.0,17.0,13.0,30.0,35.0,36.0,54.0,20.0,0.0,0.49987805,0.9997561,7.32e-05,205.0,1,0,0.999654255,7.98e-05,,,,,,,,,0.0,24952738.0,,0.0,24952738.0,,0.0,0.0,24952738.0,24952738.0,
,0.0,0.0,0.0,0.0,0.0,0.0,0.0,0.0,0.0,0.0,0.0,0.0,0.0,0.5,1,0,250.0,162.0,18.0,16.0,13.0,30.0,31.0,33.0,21.0,0.0,0.499799385,0.999598765,0.000123457,162.0,1,0,0.99965278,6.94e-05,,,,,,,,,0.0,19107285.0,,0.0,19107285.0,,0.0,0.0,19107285.0,19107285.0,
,0.0,0.0,0.0,0.0,0.0,0.0,0.0,0.0,0.0,0.0,0.0,0.0,0.0,0.5,1,0,251.0,142.0,25.0,15.0,15.0,13.0,28.0,30.0,16.0,0.0,0.499771125,0.999542255,0.000105634,142.0,1,0,0.99965812,8.55e-05,,,,,,,,,0.0,15363763.0,,0.0,15363763.0,,0.0,0.0,15363763.0,15363763.0,
,0.0,0.0,0.0,0.0,0.0,0.0,0.0,0.0,0.0,0.0,0.0,0.0,0.0,0.5,1,0,252.0,128.0,20.0,21.0,14.0,14.0,13.0,28.0,18.0,0.0,0.499746095,0.99949219,0.000117188,128.0,1,0,0.99972222,0.0,,,,,,,,,0.0,13230326.0,,0.0,13230326.0,,0.0,0.0,13230326.0,13230326.0,
,0.0,0.0,0.0,0.0,0.0,0.0,0.0,0.0,0.0,0.0,0.0,0.0,0.0,0.5,1,0,253.0,117.0,26.0,20.0,18.0,13.0,14.0,12.0,14.0,0.0,0.499786325,0.99957265,0.000128205,117.0,1,0,0.99978022,0.0,,,,,,,,,0.0,10252961.0,,0.0,10252961.0,,0.0,0.0,10252961.0,10252961.0,
,0.0,0.0,0.0,0.0,0.0,0.0,0.0,0.0,0.0,0.0,0.0,0.0,0.0,0.5,1,0,254.0,121.0,27.0,24.0,19.0,18.0,13.0,13.0,7.0,0.0,0.49985537,0.999710745,8.26e-05,121.0,1,0,0.99962766,5.32e-05,,,,,,,,,0.0,9902608.0,,0.0,9902608.0,,0.0,0.0,9902608.0,9902608.0,
,0.0,0.0,0.0,0.0,0.0,0.0,0.0,0.0,0.0,0.0,0.0,0.0,0.0,0.5,1,0,255.0,121.0,17.0,27.0,23.0,18.0,17.0,12.0,7.0,0.0,0.499876035,0.999752065,8.26e-05,121.0,1,0,0.99951923,9.62e-05,,,,,,,,,0.0,10643682.0,,0.0,10643682.0,,0.0,0.0,10643682.0,10643682.0,
,0.0,0.0,0.0,0.0,0.0,0.0,0.0,0.0,0.0,0.0,0.0,0.0,0.0,0.5,1,0,256.0,123.0,19.0,16.0,26.0,22.0,17.0,15.0,8.0,0.0,0.499939025,0.99987805,4.07e-05,123.0,1,0,0.99951923,9.62e-05,,,,,,,,,0.0,11726897.0,,0.0,11726897.0,,0.0,0.0,11726897.0,11726897.0,
,0.0,0.0,0.0,0.0,0.0,0.0,0.0,0.0,0.0,0.0,0.0,0.0,0.0,0.5,1,0,257.0,118.0,17.0,17.0,16.0,25.0,16.0,16.0,11.0,0.0,0.499957625,0.999915255,0.0,118.0,1,0,0.999554455,9.9e-05,,,,,,,,,0.0,11901058.0,,0.0,11901058.0,,0.0,0.0,11901058.0,11901058.0,
,0.0,0.0,0.0,0.0,0.0,0.0,0.0,0.0,0.0,0.0,0.0,0.0,0.0,0.5,1,0,258.0,105.0,14.0,16.0,16.0,16.0,24.0,14.0,5.0,0.0,0.5,1.0,0.0,105.0,1,0,0.999505495,0.00010989,,,,,,,,,0.0,10617418.0,,0.0,10617418.0,,0.0,0.0,10617418.0,10617418.0,
,0.0,0.0,0.0,0.0,0.0,0.0,0.0,0.0,0.0,0.0,0.0,0.0,0.0,0.5,1,0,259.0,105.0,15.0,13.0,16.0,16.0,14.0,24.0,7.0,0.0,0.5,1.0,0.0,105.0,1,0,0.999666665,5.56e-05,,,,,,,,,0.0,10986171.0,,0.0,10986171.0,,0.0,0.0,10986171.0,10986171.0,
,0.0,0.0,0.0,0.0,0.0,0.0,0.0,0.0,0.0,0.0,0.0,0.0,0.0,0.5,1,0,260.0,87.0,6.0,12.0,13.0,16.0,16.0,13.0,11.0,0.0,0.5,1.0,0.0,87.0,1,0,0.999753085,0.0,,,,,,,,,0.0,9822033.0,,0.0,9822033.0,,0.0,0.0,9822033.0,9822033.0,
,0.0,0.0,0.0,0.0,0.0,0.0,0.0,0.0,0.0,0.0,0.0,0.0,0.0,0.5,1,0,261.0,77.0,8.0,6.0,11.0,12.0,15.0,16.0,9.0,0.0,0.5,1.0,0.0,77.0,1,0,0.99978261,0.0,,,,,,,,,0.0,9027471.0,,0.0,9027471.0,,0.0,0.0,9027471.0,9027471.0,
,0.0,0.0,0.0,0.0,0.0,0.0,0.0,0.0,0.0,0.0,0.0,0.0,0.0,0.5,1,0,262.0,65.0,2.0,8.0,6.0,11.0,12.0,15.0,11.0,0.0,0.5,1.0,0.0,65.0,1,0,0.999920635,0.0,,,,,,,,,0.0,8250887.0,,0.0,8250887.0,,0.0,0.0,8250887.0,8250887.0,
,0.0,0.0,0.0,0.0,0.0,0.0,0.0,0.0,0.0,0.0,0.0,0.0,0.0,0.5,1,0,263.0,48.0,5.0,2.0,6.0,6.0,11.0,12.0,6.0,0.0,0.5,1.0,0.0,48.0,1,0,0.99988372,0.0,,,,,,,,,0.0,5986791.0,,0.0,5986791.0,,0.0,0.0,5986791.0,5986791.0,
,0.0,0.0,0.0,0.0,0.0,0.0,0.0,0.0,0.0,0.0,0.0,0.0,0.0,0.5,1,0,264.0,32.0,0.0,5.0,1.0,5.0,5.0,10.0,6.0,0.0,0.5,1.0,0.0,32.0,1,0,0.99984375,0.0,,,,,,,,,0.0,4280966.0,,0.0,4280966.0,,0.0,0.0,4280966.0,4280966.0,
,0.0,0.0,0.0,0.0,0.0,0.0,0.0,0.0,0.0,0.0,0.0,0.0,0.0,0.5,1,0,265.0,20.0,2.0,0.0,5.0,1.0,5.0,5.0,2.0,0.0,0.5,1.0,0.0,20.0,1,0,0.99972222,0.0,,,,,,,,,0.0,2444808.0,,0.0,2444808.0,,0.0,0.0,2444808.0,2444808.0,
,0.0,0.0,0.0,0.0,0.0,0.0,0.0,0.0,0.0,0.0,0.0,0.0,0.0,0.5,1,0,266.0,17.0,1.0,2.0,0.0,5.0,1.0,5.0,3.0,0.0,0.5,1.0,0.0,17.0,1,0,1.0,0.0,,,,,,,,,0.0,2178228.0,,0.0,2178228.0,,0.0,0.0,2178228.0,2178228.0,
,0.0,0.0,0.0,0.0,0.0,0.0,0.0,0.0,0.0,0.0,0.0,0.0,0.0,0.5,1,0,267.0,11.0,1.0,1.0,2.0,0.0,4.0,1.0,2.0,0.0,0.5,1.0,0.0,11.0,1,0,1.0,0.0,,,,,,,,,0.0,1304959.0,,0.0,1304959.0,,0.0,0.0,1304959.0,1304959.0,
,0.0,0.0,0.0,0.0,0.0,0.0,0.0,0.0,0.0,0.0,0.0,0.0,0.0,0.5,1,0,268.0,9.0,0.0,1.0,1.0,2.0,0.0,4.0,1.0,0.0,0.5,1.0,0.0,9.0,1,0,1.0,0.0,,,,,,,,,0.0,1181681.0,,0.0,1181681.0,,0.0,0.0,1181681.0,1181681.0,
,0.0,0.0,0.0,0.0,0.0,0.0,0.0,0.0,0.0,0.0,0.0,0.0,0.0,0.5,1,0,269.0,5.0,0.0,0.0,1.0,1.0,2.0,0.0,1.0,0.0,0.5,1.0,0.0,5.0,1,0,1.0,0.0,,,,,,,,,0.0,675464.0,,0.0,675464.0,,0.0,0.0,675464.0,675464.0,
,0.0,0.0,0.0,0.0,0.0,0.0,0.0,0.0,0.0,0.0,0.0,0.0,0.0,0.5,1,0,270.0,5.0,1.0,0.0,0.0,1.0,1.0,2.0,0.0,0.0,0.5,1.0,0.0,5.0,1,0,1.0,0.0,,,,,,,,,0.0,619280.0,,0.0,619280.0,,0.0,0.0,619280.0,619280.0,
,0.0,0.0,0.0,0.0,0.0,0.0,0.0,0.0,0.0,0.0,0.0,0.0,0.0,0.5,1,0,271.0,4.0,0.0,1.0,0.0,0.0,1.0,1.0,1.0,0.0,0.5,1.0,0.0,4.0,1,0,1.0,0.0,,,,,,,,,0.0,517738.0,,0.0,517738.0,,0.0,0.0,517738.0,517738.0,
,0.0,0.0,0.0,0.0,0.0,0.0,0.0,0.0,0.0,0.0,0.0,0.0,0.0,0.5,1,0,272.0,3.0,0.0,0.0,1.0,0.0,0.0,1.0,1.0,0.0,0.5,1.0,0.0,3.0,1,0,1.0,0.0,,,,,,,,,0.0,407055.0,,0.0,407055.0,,0.0,0.0,407055.0,407055.0,
,0.0,0.0,0.0,0.0,0.0,0.0,0.0,0.0,0.0,0.0,0.0,0.0,0.0,0.5,1,0,273.0,1.0,0.0,0.0,0.0,1.0,0.0,0.0,0.0,0.0,0.5,1.0,0.0,1.0,1,0,1.0,0.0,,,,,,,,,0.0,124625.0,,0.0,124625.0,,0.0,0.0,124625.0,124625.0,
,0.0,0.0,0.0,0.0,0.0,0.0,0.0,0.0,0.0,0.0,0.0,0.0,0.0,0.5,1,0,274.0,1.0,0.0,0.0,0.0,0.0,1.0,0.0,0.0,0.0,0.5,1.0,0.0,1.0,1,0,1.0,0.0,,,,,,,,,0.0,154654.0,,0.0,154654.0,,0.0,0.0,154654.0,154654.0,
,0.0,0.0,0.0,0.0,0.0,0.0,0.0,0.0,0.0,0.0,0.0,0.0,0.0,0.5,1,0,275.0,1.0,0.0,0.0,0.0,0.0,0.0,1.0,0.0,0.0,0.5,1.0,0.0,1.0,1,0,1.0,0.0,,,,,,,,,0.0,165524.0,,0.0,165524.0,,0.0,0.0,165524.0,165524.0,
,0.0,0.0,0.0,0.0,0.0,0.0,0.0,0.0,0.0,0.0,0.0,0.0,0.0,0.5,1,0,276.0,1.0,0.0,0.0,0.0,0.0,0.0,0.0,1.0,0.0,0.5,1.0,0.0,1.0,1,0,1.0,0.0,,,,,,,,,0.0,168756.0,,0.0,168756.0,,0.0,0.0,168756.0,168756.0,
,0.0,0.0,0.0,0.0,0.0,0.0,0.0,0.0,0.0,0.0,0.0,0.0,0.0,0.5,1,0,277.0,0.0,0.0,0.0,0.0,0.0,0.0,0.0,0.0,0.0,0.5,1.0,0.0,0.0,1,0,1.0,0.0,,,,,,,,,0.0,0.0,,0.0,0.0,,0.0,0.0,0.0,0.0,
,,,,,,,,,,,,,,0.5,1,0,,,,,,,,,,,0.5,1.0,0.0,,1,0,1.0,0.0,,,,,,,,,,,,,,,,,,,
,,,,,,,,,,,,,,0.5,1,0,,,,,,,,,,,0.5,1.0,0.0,,1,0,1.0,0.0,,,,,,,,,,,,,,,,,,,
,,,,,,,,,,,,,,0.5,1,0,,,,,,,,,,,0.5,1.0,0.0,,1,0,1.0,0.0,,,,,,,,,,,,,,,,,,,
,,,,,,,,,,,,,,0.5,1,0,,,,,,,,,,,0.5,1.0,0.0,,1,0,1.0,0.0,,,,,,,,,,,,,,,,,,,
,,,,,,,,,,,,,,0.5,1,0,,,,,,,,,,,0.5,1.0,0.0,,1,0,1.0,0.0,,,,,,,,,,,,,,,,,,,
,,,,,,,,,,,,,,0.5,1,0,,,,,,,,,,,0.5,1.0,0.0,,1,0,1.0,0.0,,,,,,,,,,,,,,,,,,,
,,,,,,,,,,,,,,0.5,1,0,,,,,,,,,,,0.5,1.0,0.0,,1,0,1.0,0.0,,,,,,,,,,,,,,,,,,,
,,,,,,,,,,,,,,0.5,1,0,,,,,,,,,,,0.5,1.0,0.0,,1,0,1.0,0.0,,,,,,,,,,,,,,,,,,,
,,,,,,,,,,,,,,0.5,1,0,,,,,,,,,,,0.5,1.0,0.0,,1,0,1.0,0.0,,,,,,,,,,,,,,,,,,,
,,,,,,,,,,,,,,0.5,1,0,,,,,,,,,,,0.5,1.0,0.0,,1,0,1.0,0.0,,,,,,,,,,,,,,,,,,,
,,,,,,,,,,,,,,0.5,1,0,,,,,,,,,,,0.5,1.0,0.0,,1,0,1.0,0.0,,,,,,,,,,,,,,,,,,,
,,,,,,,,,,,,,,0.5,1,0,,,,,,,,,,,0.5,1.0,0.0,,1,0,1.0,0.0,,,,,,,,,,,,,,,,,,,
,,,,,,,,,,,,,,0.5,1,0,,,,,,,,,,,0.5,1.0,0.0,,1,0,1.0,0.0,,,,,,,,,,,,,,,,,,,
,,,,,,,,,,,,,,0.5,1,0,,,,,,,,,,,0.5,1.0,0.0,,1,0,1.0,0.0,,,,,,,,,,,,,,,,,,,
,,,,,,,,,,,,,,0.5,1,0,,,,,,,,,,,0.5,1.0,0.0,,1,0,1.0,0.0,,,,,,,,,,,,,,,,,,,
,,,,,,,,,,,,,,0.5,1,0,,,,,,,,,,,0.5,1.0,0.0,,1,0,1.0,0.0,,,,,,,,,,,,,,,,,,,
,,,,,,,,,,,,,,0.5,1,0,,,,,,,,,,,0.5,1.0,0.0,,1,0,1.0,0.0,,,,,,,,,,,,,,,,,,,
,,,,,,,,,,,,,,0.5,1,0,,,,,,,,,,,0.5,1.0,0.0,,1,0,1.0,0.0,,,,,,,,,,,,,,,,,,,
,,,,,,,,,,,,,,0.5,1,0,,,,,,,,,,,0.5,1.0,0.0,,1,0,1.0,0.0,,,,,,,,,,,,,,,,,,,
,,,,,,,,,,,,,,0.5,1,0,,,,,,,,,,,0.5,1.0,0.0,,1,0,1.0,0.0,,,,,,,,,,,,,,,,,,,
,,,,,,,,,,,,,,0.5,1,0,,,,,,,,,,,0.5,1.0,0.0,,1,0,1.0,0.0,,,,,,,,,,,,,,,,,,,
,,,,,,,,,,,,,,0.5,1,0,,,,,,,,,,,0.5,1.0,0.0,,1,0,1.0,0.0,,,,,,,,,,,,,,,,,,,
,,,,,,,,,,,,,,0.5,1,0,,,,,,,,,,,0.5,1.0,0.0,,1,0,1.0,0.0,,,,,,,,,,,,,,,,,,,
